Date,TwoEngine_70_30,Engine1_Carry,Engine2_Directional,SP500_SPY,NASDAQ_QQQ,60_40_SPY_AGG,BTC_Overlay_30pct
2017-11-09,1000000.0,1000000.0,1000000.0,1000000.0,1000000.0,1000000.0,1000000.0
2017-11-10,1001067.5606583852,1001467.9397094821,1000133.5891116064,999689.7683251239,999934.7932106104,998205.5807165516,978118.7258400423
2017-11-13,999106.2019034906,998493.7958428125,1000534.4635322662,1000619.3190801769,1001171.1013573497,998762.4831360738,977382.0280940091
2017-11-14,997663.3480687623,996376.6732691597,1000668.124042381,998295.3075725944,997527.2788724552,997773.7870643424,980882.2996562239
2017-11-15,998058.9097812794,996883.9876103048,1000801.8024080845,993298.4169568905,992843.2927793232,995545.4757570868,1011119.5549470903
2017-11-16,1000690.4054190555,1000581.7675648545,1000935.4986317622,1001742.7225632931,1005530.7308485983,1000186.2240183075,1034274.6346787441
2017-11-17,1000119.887257329,999709.5443170761,1001069.2127157997,998798.7861857584,1001691.8121658678,998862.4250175852,1027958.1353799187
2017-11-20,1001389.1054391499,1001349.702512764,1001470.4621539316,1000503.0747533139,1000910.9032041905,999665.7390378569,1047658.2880886951
2017-11-21,1001865.4780515566,1001972.8782882208,1001604.2477032708,1007049.3063740727,1011777.1638694841,1003992.7536054911,1042797.6473267811
2017-11-22,1000525.9015386048,1000001.626979796,1001738.0511249026,1006158.5261646322,1013013.57685029,1004157.6885642909,1049960.661973969
2017-11-24,1002275.2466587661,1002384.9587248547,1002005.7115945948,1008482.2684323147,1016722.0819542413,1005475.7093769088,1050315.8302959565
2017-11-27,996664.7297143885,994203.2477080702,1002407.3364010269,1007978.9917490756,1016266.6827691793,1005174.6436095082,1107954.3486778785
2017-11-28,994705.8308535086,991354.8114946954,1002541.2471065643,1018204.6558444339,1018869.5029733037,1011292.9724716326,1116198.0565522383
2017-11-29,991789.552842396,987145.9775561888,1002675.175701114,1017584.9329044069,1001106.313904226,1009926.5519173776,1110636.794636267
2017-11-30,991670.3668967469,986919.9925543218,1002809.1221870657,1026493.8792683859,1009499.7486079085,1014566.3021853715,1122364.8675466063
2017-12-01,989759.6219081153,984146.9289499194,1002943.0865668093,1024363.5858689166,1005205.640408249,1014462.3659171963,1146883.3651057382
2017-12-04,991042.3442835761,985799.9967458928,1003345.0870926984,1023124.2072988376,993623.8872388005,1013688.6808786045,1168301.8163024727
2017-12-05,986966.0953201731,979951.1476800183,1003479.1230715177,1019444.438274363,994274.3826216987,1011910.0738556441,1176213.3089350318
2017-12-06,986323.1108874942,978983.0225290313,1003613.1769560843,1019637.8871425759,998764.0063554604,1012432.7302385987,1246643.2141101232
2017-12-07,986526.6487301687,979215.5778130804,1003747.2487487902,1022852.8134795489,1002147.5258531291,1013829.6881551929,1341182.4280090844
2017-12-08,987009.5807413342,979844.3053538208,1003881.3384520279,1028430.7911096173,1006571.9427975013,1016998.4414678563,1311404.9950053396
2017-12-11,982719.0113018554,973595.1047653379,1004283.7150488589,1031529.4731197273,1014379.8792395422,1018687.7407795141,1322707.7038940855
2017-12-12,981614.2107723274,971975.7309266669,1004417.8764181529,1033349.8040842208,1013013.57685029,1019579.7148919483,1334044.5038451492
2017-12-13,983722.5310541488,974902.395285767,1004552.0557099452,1033233.6943773079,1014965.272667117,1020669.90505271,1311023.3397164727
2017-12-14,982618.8447221918,973284.0217221746,1004686.2529266297,1029011.6761940566,1014249.5704948293,1018279.3033456577,1314880.5047748107
2017-12-15,982849.0957816219,973554.1040695354,1004820.4680706013,1037580.6398742,1025766.4313770878,1023479.0352886856,1342221.1170964101
2017-12-18,984031.8339868382,975059.6165778924,1005223.2210901882,1044160.3918625198,1034366.8085281256,1026849.472867075,1375159.4843546937
2017-12-19,984508.6457396524,975678.7409613781,1005357.5079672597,1040149.9962407375,1028237.2654914351,1023281.0028980002,1346420.3905958177
2017-12-20,984905.2599383913,976184.3909769044,1005491.8127835959,1039604.9873729849,1027129.0645740113,1022020.5010070902,1320368.03375858
2017-12-21,983080.6137839395,973544.9451771856,1005626.1355415931,1041746.3196083579,1027259.6878209235,1023644.4812663181,1300913.071216471
2017-12-22,983497.914070513,974079.5681244071,1005760.4762436482,1041473.8488294691,1026085.6511097107,1023672.1337179174,1252355.737437943
2017-12-26,985999.1348942334,977391.8742935201,1006298.0185403952,1040227.739261888,1020543.4933478595,1023275.6416072532,1314793.5043611326
2017-12-27,985179.4379951293,976175.1428015984,1006432.4489987032,1040734.1122039779,1020673.9069266386,1024851.6645325865,1308514.72293625
2017-12-28,988915.2047495025,981407.2868926645,1006566.8974154567,1042875.2425094259,1021912.4165887752,1025816.7449844832,1278102.1834952896
2017-12-29,990522.3811950072,983629.6340983876,1006701.3637930548,1038943.2630085442,1015588.4063586477,1023909.6017282434,1279526.366125232
2018-01-02,990396.4574694496,983224.2403199424,1007239.4089598849,1046379.1978791433,1033388.4970191484,1027707.0117397648,1292946.0838682936
2018-01-03,991868.513268114,985255.6561807034,1007373.9651777027,1052997.8550330258,1043430.02808295,1031645.0577011161,1298734.2815027495
2018-01-04,992041.9231802161,985445.3246773984,1007508.5393707661,1057435.8036161475,1045254.979513327,1033989.2302691793,1309062.0889054355
2018-01-05,993489.2330763056,987442.7426150294,1007643.1315414765,1064482.5522111696,1055752.8532687891,1037858.049720783,1355263.3280397994
2018-01-08,996035.490576383,990887.3442041045,1008047.0159435066,1066429.2913087544,1059860.5664981352,1038882.695562199,1301787.9519812006
2018-01-09,995517.9989466603,990095.1607311163,1008181.6800488239,1068842.9597030662,1059925.6684534585,1039149.9989992534,1287114.7293041185
2018-01-10,996029.6519751751,990765.4266528876,1008316.3621437994,1067208.1350297334,1057447.810456653,1038196.3539147801,1297232.7586811169
2018-01-11,994250.3908595832,988180.3352387603,1008451.0622308364,1074994.4183203215,1064685.4495767008,1042932.0676505314,1256613.2999226102
2018-01-12,993410.8896044253,987103.7584110287,1008176.2986210142,1082002.194439806,1072509.9498012553,1046934.4520212456,1272894.732418364
2018-01-16,983665.6084305629,989805.1230852432,968836.6974643096,1078303.7132422752,1069445.0210318102,1044903.11520144,1205114.2736387597
2018-01-17,980609.8920222549,988193.9126340956,962484.3759240283,1088581.4079483256,1080985.9937493736,1050417.600051128,1195728.046677061
2018-01-18,983619.7924271962,990146.64185315,967894.1015161448,1086751.5189673791,1081181.5092834758,1048429.9897735383,1205018.9698710635
2018-01-19,981057.0301774893,985569.9372550304,969927.1133813137,1091696.648212291,1084572.157497669,1050402.6496637561,1209305.939014895
2018-01-22,980178.5473605257,988344.622177247,960179.4580522218,1100572.8146184345,1096178.3370046217,1055371.7419869972,1191301.3531813913
2018-01-23,980998.428720731,990402.6620043829,958191.3881822448,1102908.538061671,1105241.13722318,1057730.276594871,1189353.0372054363
2018-01-24,984495.53734072,989947.8360564172,970604.149666501,1102480.1100706565,1098069.0193947211,1057054.5060330832,1205583.620471903
2018-01-25,983641.1581956714,989390.8522509293,969070.6379248034,1102947.577847184,1097677.7786583833,1058416.7395253798,1202512.4298464672
2018-01-26,983066.7469209129,989126.9932701471,967787.3221253315,1115717.0878285465,1114499.9771461727,1064989.1890573816,1199805.339788224
2018-01-29,988718.3277710332,992145.4267657502,979334.66553188,1108320.1254334853,1109088.128129034,1060005.924480906,1204565.548165837
2018-01-30,981694.7982779314,993375.9578047686,953310.9302465378,1096951.6725822045,1099959.7017848203,1052815.7636604302,1166607.1023047902
2018-01-31,983370.9295346271,993432.4551405588,958609.9835325726,1097497.1526197824,1104523.7577058275,1053480.981084526,1170691.7227464982
2018-02-01,976055.6057249191,993298.927501638,935140.2053829996,1096251.379602076,1095135.0283743879,1051442.81365457,1134702.887331796
2018-02-02,969678.0180940464,990888.819094205,920067.0422475092,1072385.9548582966,1073292.0119376644,1036457.2124247182,1122195.9742871388
2018-02-05,971731.1888898233,993715.1701818507,920435.8243247684,1027535.7703717516,1030975.8458117318,1012111.6048861982,1049493.3184302326
2018-02-06,973124.7891503386,995694.1752500238,920558.7845288306,1047780.7261790509,1058295.603552784,1022910.2115771099,1085748.00402775
2018-02-07,973367.0831514974,995991.3313669587,920681.7611590371,1042096.735338323,1044603.3309556964,1018665.7482918744,1080275.1614650532
2018-02-08,974789.0786795006,998012.9475037331,920804.7542175825,1003008.8231934564,1000526.6863503106,995055.520334686,1107773.4963956678
2018-02-09,974493.1962201052,997523.0492010098,920927.7637066613,1018075.6226223178,1017805.1226956943,1003502.6627953772,1126830.145962274
2018-02-12,978128.222636189,1002669.0381347059,921296.8907790491,1033025.706554491,1035866.2501818867,1012457.0738076577,1135911.3723566968
2018-02-13,976203.4361787714,999792.9492492834,921419.966012214,1035595.0629210285,1041212.7875755692,1014081.6179348489,1123486.1818266744
2018-02-14,977079.995551189,1001018.1958154802,921543.0576868899,1049571.3061345844,1060708.2547602,1020926.1428905023,1158726.1764369148
2018-02-15,974477.9139387106,997152.5537297501,921666.1658052732,1062964.37572455,1080399.2374789333,1029241.4240455612,1183429.4263145963
2018-02-16,971290.79739647,992436.4986124443,921789.2903695607,1063275.4151191267,1075574.3544003677,1030233.3520709334,1185897.3119641845
2018-02-20,974465.0596134588,996839.0490868875,922281.9531296968,1056618.6605193818,1077725.7591139588,1025938.8396886124,1227244.8842608372
2018-02-21,973330.510696118,995123.9797587194,922405.1599564659,1051362.6938098185,1074661.3545148463,1021569.1324274152,1204330.44962513
2018-02-22,972551.1995936654,993928.777364298,922528.3832423256,1052725.0477042624,1074530.8361020007,1022401.889637641,1181278.869854588
2018-02-23,973184.032598717,994795.7914256989,922651.6229894746,1069504.8859974323,1096504.161283437,1033217.9266327422,1191877.3763875742
2018-02-26,974222.7084231104,996141.478074953,923021.441020649,1081924.3841086808,1111043.9124744567,1040726.8226457647,1195429.3929360807
2018-02-27,975704.059873126,998248.2750373494,923144.7466349485,1068414.666332002,1097286.223419846,1032032.3176264121,1207957.0571965245
2018-02-28,976875.9538489307,999903.9389574882,923268.0687215355,1057591.6262083238,1090244.5191701665,1026883.8098768891,1196998.003425416
2018-03-01,975393.3532743393,997678.7633352887,923391.4072826105,1042213.5181449859,1072444.3236755992,1018291.2711757204,1216211.653380019
2018-03-02,975542.2661437637,997839.2368598141,923514.7623203744,1047585.9311113374,1082290.1295371654,1020791.1824225344,1220836.6306750472
2018-03-05,975096.82177459,997016.1582269865,923884.926315811,1059693.851348209,1094287.1304441898,1027640.0988147259,1237196.8006044633
2018-03-06,973916.7723042002,995235.3966317652,924008.347282344,1062380.52900121,1098916.6028227196,1029280.613575559,1211867.9473225146
2018-03-07,975857.1588932258,998011.0752649717,924131.7847365743,1061991.0061757579,1101459.5627748482,1028976.8043973861,1184517.3673632108
2018-03-08,976470.5263083964,998850.0682118983,924255.2386807044,1067130.190078658,1107523.3748518168,1032622.2032875449,1164282.9201551378
2018-03-09,976907.5195356412,999431.4652744252,924378.7091169372,1085700.6756373367,1129040.0428393928,1042628.8457710952,1162255.5656986744
2018-03-12,973134.5454419844,993747.4661467628,924749.2194002853,1084338.2544329173,1135038.3336247718,1042079.1127531896,1158860.7603732946
2018-03-13,971491.1876286544,991293.1896536909,924872.7558269636,1077330.276383508,1119585.6873822974,1038586.6316064538,1158581.232494951
2018-03-14,972390.9890923977,992548.0673879671,924996.3087567633,1071801.838895056,1119390.0670141284,1036090.337871483,1123722.149782984
2018-03-15,969052.036223982,987622.4310587628,925119.8781918893,1070634.0108284252,1118411.545837018,1035451.8488049777,1125093.0087678705
2018-03-16,970769.9733942602,990067.11408485,925243.4641345462,1071794.6367277284,1115086.6285825465,1035892.487183806,1126722.599500055
2018-03-19,968498.001746292,986585.3877375281,925614.3210297573,1057293.4430189764,1091295.061350992,1027055.9995182414,1139521.632577119
2018-03-20,970100.3538559484,988860.7278094044,925737.9730245937,1059091.2251418377,1094886.7813048146,1027448.765905651,1150830.548793341
2018-03-21,970605.1955120475,989539.2624873434,925861.6415379903,1057058.6658261002,1090119.3472947143,1026226.8993867239,1151550.5622438777
2018-03-22,968277.466563259,986092.4130740984,925985.3265721537,1030635.3274115367,1063212.5309417741,1011606.9402806364,1143889.0817362056
2018-03-23,970676.1291814744,989525.6634759507,926109.028129291,1008667.5054835756,1035195.5218241458,998669.5992828342,1149938.6472634152
2018-03-26,973396.0791610145,993316.318561814,926480.2319606203,1036263.5855929463,1073662.0761925601,1014913.4223461391,1123752.5572613638
2018-03-27,973407.2436951239,993275.7244751945,926603.9996317287,1018635.1031346999,1038918.1795270803,1005734.8659619205,1108402.095196583
2018-03-28,972029.6001812944,991210.624163949,926727.7838368504,1015625.2702916187,1026966.5717708692,1004177.7893606785,1113660.9952767745
2018-03-29,974181.4440181021,994288.5978886269,926851.5845781941,1028602.4315459239,1045775.3758196447,1013040.7656226541,1080635.3799477967
2018-04-02,971885.3231280262,990714.6001401446,927346.9529499742,1006400.5728348115,1015603.1879620294,999516.1200636575,1077681.2134268002
2018-04-03,969995.2178972561,987905.4163149509,927470.8364055697,1019299.3179682161,1027031.8833943253,1006753.4555227595,1094774.207418592
2018-04-04,972411.5809014804,991364.540920104,927594.7364106459,1030205.2166711462,1043228.2225048543,1013367.5080248977,1068347.3454488656
2018-04-05,972432.5690535132,991338.350309868,927718.6529674137,1038335.3866241213,1049171.580239365,1017596.4752384227,1066465.929994339
2018-04-06,974359.5411363305,994087.9305532164,927842.5860780842,1015195.2268612032,1022917.4607847203,1004905.5537314944,1058338.7147501996
2018-04-09,973492.3646668126,992653.3636460576,928214.4847556279,1020198.4446145591,1030101.4248626983,1008215.6498818704,1065386.1464603432
2018-04-10,972821.4653913719,991619.2397645842,928338.4841040266,1036419.9466649218,1052828.9263188436,1017532.4890145874,1068508.3326927756
2018-04-11,973118.3367324614,991994.7639207301,928462.500017388,1030987.0220310257,1046755.1550055536,1014674.7002348345,1074872.262492267
2018-04-12,972762.6813389973,991420.0349752237,928586.5324979251,1039468.8866034907,1059359.4596600605,1018773.1101813302,1117589.1742778865
2018-04-13,972535.4185485377,991032.3856716749,928710.5815478511,1036419.9466649218,1053873.702626009,1017094.5951032682,1117978.8421138683
2018-04-16,972473.061207285,990766.5988537665,929082.8281360988,1044941.2548827496,1061906.6129748505,1022188.4244493247,1125509.2885605278
2018-04-17,971613.9578247651,989459.4974657302,929206.9434857182,1056120.7013241688,1084764.6328438413,1028864.721107329,1119053.9388751152
2018-04-18,970104.626211113,987207.0579427736,929331.075415797,1056902.4393740739,1086984.5990369515,1028166.3033596769,1130261.056871293
2018-04-19,970959.8296516559,988393.7953584293,929455.2239285499,1051039.2693798377,1076992.549652558,1023740.3495262911,1135803.4229075427
2018-04-20,973633.8173028827,992225.7790108742,929579.3890261924,1042126.6209672322,1059947.4739392984,1017414.36348961,1158566.8144978264
2018-04-23,970576.8260756747,987606.606264136,929951.983850614,1041970.5291351562,1057269.8022116625,1017130.9921406233,1162266.0616284786
2018-04-24,967868.3856145327,983612.9735304194,930076.2153099732,1027938.014782482,1034868.8588727982,1008374.6976585689,1192305.1653667965
2018-04-25,969395.0611401367,985773.1026616053,930200.4633653027,1030478.7644096351,1036109.6748843986,1009336.3409118565,1160999.5665142136
2018-04-26,969637.6134835635,986069.0222721404,930324.7280188195,1040954.2831322749,1057922.2894418247,1016180.3022197735,1178266.5028975555
2018-04-27,970041.234924135,986598.9404933944,930449.0092727409,1041931.7585895435,1058575.720178586,1017252.0914037715,1167162.379198674
2018-04-30,969467.080334835,985594.6721431264,930821.952659111,1033918.6406831315,1051065.197983327,1012634.9375906843,1177517.7702284732
2018-05-01,969506.9799623669,985596.1920912728,930946.3003368304,1035755.7318314054,1063082.1173629945,1013369.7584175854,1172981.5502304155
2018-05-02,967909.0196298193,983219.080145548,931070.6646260456,1028797.9670233624,1056812.5160134027,1009285.3271800082,1177602.697329096
2018-05-03,966131.0259629813,980582.6207400272,931195.0455289757,1026530.6305147484,1056681.7879324239,1008409.2307880663,1197141.9171374755
2018-05-04,968670.4217647922,984208.4522824003,931319.4430478401,1039820.9177728557,1076730.8838224672,1016509.5657598595,1195665.2484205556
2018-05-07,969093.8802466431,984653.7313045667,931692.7353222381,1043338.4697575275,1085678.4714018947,1018380.7955238249,1183928.0012591262
2018-05-08,968627.9716545781,983921.0870704156,931817.1993270399,1043338.4697575275,1084568.3834712731,1017918.7723373524,1178802.1978964268
2018-05-09,968049.0277186158,983024.6343629363,931941.6799588775,1053423.59062504,1096388.9486443058,1023360.1528507142,1182372.6763750548
2018-05-10,969398.3732505532,984925.8105560543,932066.1772199721,1063273.3958198756,1107752.5421212786,1030031.9769223476,1171785.4453300657
2018-05-11,969168.5953532438,984535.9091311657,932190.6911125452,1066518.0731658083,1106708.0803163128,1032112.5518444699,1148477.9379519462
2018-05-14,971792.4328524591,988174.6651637707,932564.3326013549,1067026.061547299,1108601.698060275,1032017.4240244906,1159998.714134784
2018-05-15,973232.7566092467,990210.3816774518,932688.9130420629,1059677.7642641785,1096323.4273527164,1025918.714906154,1151866.6945183834
2018-05-16,974167.8263122395,991512.8062381904,932813.5101253613,1064133.6846106309,1103572.912722284,1028039.4257302703,1146226.8444709284
2018-05-17,973490.766935168,990471.5905819118,932938.1238534733,1063234.4233443378,1099327.6571976335,1026970.7442569886,1135054.6398727016
2018-05-18,971419.9492011488,987404.9700810135,933062.7542286227,1060576.6216706214,1093646.4894635465,1026486.3919605245,1141750.817594403
2018-05-21,975290.5522720604,992857.6116835071,933436.745258534,1068550.4978615958,1099785.1530640263,1031155.9000859449,1149135.4964153918
2018-05-22,976499.4576673391,994558.8829199797,933561.4422440737,1065579.8394239775,1098348.1925139243,1029435.8810613576,1133796.9486456357
2018-05-23,978119.238062984,996858.7086577702,933686.155887773,1068511.5926960332,1107622.023708433,1032269.4079704505,1113433.163461945
2018-05-24,979826.8480725132,999287.8153969656,933810.8861918572,1066322.4703783945,1107295.3607570857,1032134.3277570427,1114841.9677768555
2018-05-25,981692.1032326464,1001948.1782450661,933935.6331585519,1063781.9226811663,1108405.5535217738,1031555.5804885362,1110220.818773052
2018-05-29,983989.4360854309,1005064.6408046689,934434.7876959591,1051547.055831403,1103507.7059328945,1027158.8778068112,1110700.9950344968
2018-05-30,985126.5519906805,1006666.3423524671,934559.6180091015,1065579.8394239773,1111409.888200757,1034344.69277783,1107858.7393981933
2018-05-31,986919.5515810108,1009226.1418161466,934684.4649982145,1059051.9161164241,1110691.565176806,1030193.1895657568,1111895.5093550258
2018-06-01,990114.302205695,1014329.1131028236,933742.5167553286,1069449.6245079385,1128128.615464869,1035753.5365284702,1114103.9501895723
2018-06-04,989423.9174546936,1011982.6578149827,936452.4354390531,1074530.9218323198,1138316.599719631,1037729.9101608486,1113336.9095644287
2018-06-05,994727.9262780771,1014412.4512823831,947939.5481349743,1075312.8618121496,1141843.4273862636,1038496.9098927043,1118743.1689749293
2018-06-06,993383.0828399321,1012202.3195751486,948486.6371276311,1084302.8493860553,1148505.003310659,1042764.7903849002,1119736.77951096
2018-06-07,993873.9698804766,1012534.1060465154,949323.5379041039,1084185.931959442,1139165.6508245608,1043605.3144226616,1120906.2328010323
2018-06-08,994276.7823242074,1015023.0352464704,945161.1088602757,1087390.6944901869,1139231.0672820837,1044864.7781437306,1118675.865136983
2018-06-11,967287.1857251142,1007258.0412318724,876514.0698785665,1088837.1185434333,1142300.6087504567,1045263.997984841,1087557.2144320018
2018-06-12,966379.1571862536,1007731.2157137422,872810.5854861492,1090244.9739809923,1148308.753938091,1046193.6190435183,1072327.4366176866
2018-06-13,965942.2448945346,1007473.5312902534,872015.9861299352,1086765.7886820831,1148243.4423146348,1043794.4715647731,1061066.7477822467
2018-06-14,966468.4567487959,1007932.0698657532,872673.3971588685,1089501.4006869248,1159868.3871194988,1046438.7722354882,1077480.7654862078
2018-06-15,965253.787397347,1006125.3628854323,872667.3756522932,1088111.920872547,1155819.066465217,1045796.0466817173,1066987.899659962
2018-06-18,961620.8451735927,1000545.5569703947,873017.1589536961,1085873.8642030675,1155151.6927976054,1044584.698222517,1081055.8706084967
2018-06-19,959135.1942897601,996793.6080633403,873133.7845403778,1081711.6845876107,1151879.087742339,1042616.347331805,1082848.1798444989
2018-06-20,960263.3087119131,998411.4069432891,873250.4257069681,1083557.3914126873,1160060.2334612722,1042896.9474154168,1083266.6127547035
2018-06-21,960439.794797779,998616.3844130979,873367.0824555481,1076764.4014234978,1149981.171801648,1039092.31249673,1081123.0858557713
2018-06-22,961402.7910930676,999989.6032998617,873483.7547881996,1078727.900704863,1147428.6719494641,1040621.9315982814,1050088.0692394283
2018-06-25,957794.7476384263,994460.0571465483,873833.8653114024,1064043.287314176,1121576.6959740776,1031886.4434476509,1058908.783305857
2018-06-26,956587.5561601648,992612.5447943306,873950.6000011609,1066398.9345100191,1126158.1543501308,1033919.7754575922,1051102.5510972429
2018-06-27,957193.2680883922,993453.6052350729,874067.3502854028,1057564.9041482394,1110843.574573293,1029522.0028661101,1054484.7217479725
2018-06-28,956160.4864971767,991865.4341836673,874184.1161662115,1063611.4265144353,1120398.7804024026,1033014.9623247525,1041549.0661277693
2018-06-29,957034.7545805117,993104.2402951061,874300.8976456706,1065142.5265162594,1123409.4051253786,1034257.3125380179,1058311.764080288
2018-07-02,959492.6038374745,996572.7004626971,874651.3356967887,1067419.6229712518,1130936.1766009515,1035190.0569235914,1078630.1931402418
2018-07-03,961262.931041118,999142.4191078151,874768.1795916897,1063650.6682298733,1117846.0708820857,1033856.38324127,1074592.6005672556
2018-07-05,961648.7374455127,999600.8754753856,875001.9142107933,1072327.6644199267,1131721.174091224,1039306.1524564633,1080187.98121899
2018-07-06,959488.8505077772,996336.319589947,875118.8049391665,1081397.8181740833,1149326.587890155,1045010.7609311232,1081966.0969078941
2018-07-09,960663.2354137,997906.7204471085,875469.570824602,1091135.1484006576,1159667.3153798697,1050263.8185615498,1085681.6291301697
2018-07-10,961079.2813796186,998466.981315165,875586.5240268068,1095061.4738636375,1160518.6728342636,1052215.3361156785,1065888.4610510073
2018-07-11,960870.2299821085,998099.553936294,875703.492852686,1087051.5868360265,1154627.7321330244,1047755.9119915061,1069259.567518612
2018-07-12,963091.5062855143,1001338.611114293,875820.4773043267,1096906.7768288641,1174524.0847881148,1053967.788017059,1061037.5188276763
2018-07-13,963335.8039522662,1001644.1383168167,875937.4773838164,1097770.7676682458,1175505.646153155,1054862.0852617049,1061608.918270573
2018-07-16,955998.8986113085,990585.9180813519,876288.5714102578,1096788.9170626006,1172691.3756368137,1053820.685043332,1087348.3273769044
2018-07-17,950837.6705291881,982889.2677220304,876405.6340220233,1101225.923306072,1179825.4386991176,1056220.1448179698,1115479.3795831522
2018-07-18,950232.4956318918,981939.3168530224,876522.7122720791,1103542.261476502,1177599.9163004807,1057433.9120084092,1117857.2882132006
2018-07-19,952726.8241956288,985565.3239818129,876639.8061625143,1099380.7549607954,1171709.499769574,1055677.8699806067,1122333.291973601
2018-07-20,953082.8550644428,986035.0443660292,876756.9156954183,1098123.7411772606,1171448.1484416828,1054120.8867333746,1117354.9581870674
2018-07-23,952272.184794873,984664.8701145705,877108.338169841,1100165.8585094514,1175178.3541974085,1053829.0479737914,1133862.1009214835
2018-07-24,952812.2025943467,985406.1915485318,877225.5102935196,1105702.1712649814,1180021.4784035524,1057607.9110539497,1165427.5993011394
2018-07-25,953169.731591463,985878.0023466846,877342.6980701181,1115125.365838128,1196514.393088331,1063055.7365841016,1155456.4781681055
2018-07-26,953358.1529757156,986099.9685521229,877459.9015017275,1112494.5554643956,1178385.5427951522,1061310.7008490693,1145827.715819236
2018-07-27,953539.2202265167,986548.447644811,877084.2467351193,1104955.636332013,1162481.7955643442,1057315.7838242278,1155161.47076012
2018-07-30,957331.8131582523,991499.362131846,878444.6729881077,1099184.1425237565,1146054.1925030216,1053563.573500493,1156147.0473704226
2018-07-31,955675.0765450639,989270.1040078228,877985.7802015184,1104602.1916531725,1154824.0863396593,1057037.2304825834,1139293.866576083
2018-08-01,956781.1850145129,990889.1158564717,878020.3439790577,1102757.2925477962,1159209.190509078,1055542.386437549,1132568.112459391
2018-08-02,955910.5280981221,989549.6145989686,878126.5459535493,1108764.5058885796,1174981.9999907743,1059152.2487264602,1130100.1910704018
2018-08-03,958015.7456649143,992610.7016010606,878234.6330216943,1113515.4458555533,1178582.2115039867,1062796.938644953,1124257.8504856217
2018-08-06,956478.1652807229,990164.2430257801,878586.6477960693,1117599.0074201846,1185519.0816871235,1065416.1813733787,1102547.853919331
2018-08-07,954539.486525556,987240.4724917924,878704.0174058175,1121289.2094907875,1189838.7693990194,1066763.2120880461,1093197.8413794178
2018-08-08,957693.9409863354,991844.69480397,878821.4026948677,1120818.7800753592,1191278.6653029846,1066494.6800500946,1071576.3504705448
2018-08-09,960420.4465119086,995821.8106246239,878938.8036653143,1119287.141593735,1190558.664933969,1066224.9983795153,1085055.3809542344
2018-08-10,959920.994533922,995024.9946221092,879056.2203192523,1111787.8007266652,1181461.5839756515,1062863.920223863,1066149.8788785655
2018-08-13,958292.60389907,992437.2060951568,879408.5644029672,1107625.6211112086,1180152.8354889313,1060716.7841069014,1072289.3457827899
2018-08-14,958991.614522989,993414.5535172815,879526.0438118248,1114693.4377284124,1187548.2498791262,1064378.5485225,1067390.8284952133
2018-08-15,959167.9584304858,993618.6405884301,879643.5389146522,1106369.482357349,1173018.5627584944,1060210.9358089115,1073110.7213983033
2018-08-16,959586.987480927,994181.8669243355,879761.0497135461,1115321.507105342,1176880.2304336648,1065597.1896891638,1074548.604060054
2018-08-17,957853.9308538553,991862.055766278,879254.6787888096,1119247.697948372,1177142.1059318888,1068088.428791835,1087162.5522048264
2018-08-20,957291.895618942,994764.5542583672,871540.6662077786,1121642.788789578,1176094.603938993,1070302.7395538604,1073969.7978785383
2018-08-21,958268.8744255439,995953.1664283817,872075.6693686071,1124273.5991633106,1180414.501319022,1071447.4942915204,1083274.9816550463
2018-08-22,958509.0690518987,996296.683233708,872102.4592538362,1123606.220760968,1184995.6451928753,1071428.055201902,1077764.3883475158
2018-08-23,961367.5802277179,1000462.4240119337,872263.4777720369,1122114.2951646068,1183294.0834588192,1070333.1781752177,1085885.134840383
2018-08-24,960516.1103868885,999432.6283901668,871783.2610002334,1128867.4376485832,1194289.4996940938,1074679.991487757,1095212.9708008682
2018-08-27,961016.5874733061,998898.6737019978,874379.1748708839,1137780.4899210387,1206462.62183291,1079207.3976741894,1103597.414625439
2018-08-28,963066.4244301172,1001665.2545396711,874945.3247152113,1138330.0085571178,1208229.7048585552,1078710.0709962405,1113878.2694326413
2018-08-29,964880.1505003644,1004320.5892927671,875025.9311436266,1144455.3509040645,1222170.11969115,1082111.5977031742,1111669.3898270237
2018-08-30,966284.7181599137,1006360.4109105446,875124.9808968492,1139822.1360834043,1220010.3282522354,1079686.6429737958,1108511.2831604003
2018-08-31,966446.8390020081,1006998.6161567701,874319.4497934357,1139861.0412489667,1221580.9522371797,1079668.172409221,1111443.321219307
2018-09-04,971732.6526011571,1007975.9711643448,888300.2892013006,1137898.416997277,1216345.3292858994,1078072.7213206093,1127071.067144065
2018-09-05,974387.0945650262,1012147.3526794151,887811.1227666385,1134835.4092739285,1200637.5169254597,1076128.3444501427,1101050.0759532775
2018-09-06,975583.1915426266,1013916.6064333877,887822.734831129,1131419.562661515,1189904.1858565423,1074915.8343954298,1088332.0324516778
2018-09-07,975764.2534740401,1014132.2156683039,887931.459449641,1129221.0842573484,1185323.2516508217,1072123.9576210196,1085328.4090462418
2018-09-10,977275.7895719354,1016199.4333767073,888287.3609144732,1131183.7085090382,1189315.1232366383,1073647.3610972697,1078844.6217423847
2018-09-11,978426.961468777,1017851.284299792,888406.0264338689,1134914.2965646544,1198477.8303206116,1075041.9626301315,1078510.8808302926
2018-09-12,978827.5787206757,1018388.3805849854,888524.7078056859,1135189.1905026438,1194943.9787715205,1075482.7346477248,1080177.9886956336
2018-09-13,978519.6578088227,1017872.4096100515,888643.405032042,1141902.8220312824,1207706.058696174,1079583.7420412032,1088722.929814469
2018-09-14,976662.9482000996,1015415.4352472966,888027.9172010468,1142099.3671583463,1204171.8926448834,1078879.504655459,1088594.203659974
2018-09-17,978042.6626918053,1017558.807932585,887832.7698877576,1136053.0467220754,1186828.5640123098,1075452.525505561,1077298.3445867558
2018-09-18,978020.6080048603,1017345.826491201,888199.6359127772,1142217.159614635,1196645.4356715102,1078017.2762691148,1082035.022256159
2018-09-19,977935.5048042625,1017148.6794243412,888343.6256024737,1143434.6624428318,1195729.185929926,1077888.890638412,1083524.065003853
2018-09-20,978421.1670771001,1017792.3169751506,888502.5492934454,1152700.4189844024,1208949.4955594381,1083703.086848009,1089779.0015004566
2018-09-21,975986.4949772272,1014104.1154634152,888645.4226576043,1151647.287115209,1202339.288327649,1083438.0897276225,1100676.2988588444
2018-09-24,976486.49706952,1014670.6239405816,889001.6102937944,1147821.6573748619,1205683.285382231,1080867.7688036156,1094127.3412233826
2018-09-25,975454.0473294371,1013079.9283480269,889120.3712291302,1146756.6789500648,1207322.4708466942,1080060.8626717918,1086817.2616793828
2018-09-26,976723.1800300173,1014904.9078070165,889239.1480296338,1143325.3510433962,1208174.6669736207,1079147.4486409242,1089373.3989560802
2018-09-27,979613.3062688287,1019136.953506494,889357.9406974247,1146520.0170778877,1218402.8026758684,1081242.8905726601,1098620.4704819315
2018-09-28,979361.0004018084,1018703.6261878232,889476.7492346225,1146638.2133940263,1218140.5078413782,1080859.4768053477,1097112.9697935488
2018-10-01,979509.7573556962,1018749.3658602611,889833.2700838589,1150621.8869557248,1220632.099100901,1082997.4653888147,1094721.7206293754
2018-10-02,978091.8271167708,1016584.2782615535,889952.1421198872,1149951.0757446561,1217878.527509088,1083112.6139438322,1093153.504520644
2018-10-03,979165.621160614,1018120.4374673167,890071.0300359251,1150582.847170212,1219189.5823452724,1081413.7055417616,1090579.0640015418
2018-10-04,982904.4573341014,1023615.8344836044,890189.9338340941,1141590.2345072806,1195782.9658060628,1075104.9072843303,1094409.3464632456
2018-10-05,982746.7413410842,1023322.5892205792,890308.8535165159,1135200.4985784476,1181161.6537112726,1070548.3794385546,1096797.626586384
2018-10-08,982006.9185087455,1022045.6443666539,890665.7078905188,1135200.4985784476,1173949.384435328,1070384.2180946611,1098591.477045697
2018-10-09,980149.9713831653,1019226.1879849571,890784.6911311741,1133543.7308532575,1177752.2401991677,1070062.69069002,1098219.0906497894
2018-10-10,978536.7499651954,1016771.3538087377,890903.6902666949,1097651.9655623327,1125955.7197676373,1049610.7565816112,1095489.1935912925
2018-10-11,981013.0884815501,1020388.9941193857,891022.7052992044,1073474.8283242267,1111990.1447590722,1036985.7769722028,1079158.6456599415
2018-10-12,979337.6875207914,1018445.3240377574,889910.5764901955,1088383.7185516865,1142937.056368439,1045745.8531623865,1080208.6096301388
2018-10-15,986892.4046311836,1026856.7355248457,895635.1613745125,1082270.1554503685,1129102.6287771189,1041941.9614200527,1097113.968243638
2018-10-16,988133.6282686709,1028645.8061347707,895748.9491235054,1105934.9291586077,1161951.2303535715,1055850.6933344717,1097195.0983706743
2018-10-17,991770.1007388782,1034035.3213044291,895786.4007670508,1106131.810835547,1162409.984228763,1055116.7002731669,1094718.7841970793
2018-10-18,991704.9279569621,1033897.7730776615,895868.2188395002,1090158.5479730654,1135462.701926137,1045692.2052444905,1091422.7866736348
2018-10-19,990963.5442179888,1032735.9673574639,895984.7265157617,1089566.4221227972,1134413.4177541104,1044990.8857914845,1090953.5922339004
2018-10-22,992114.4049154844,1034268.1912755143,896343.8558981487,1084676.015887578,1140248.586731949,1042096.6140078371,1092361.3314281506
2018-10-23,994069.3949036859,1037120.4843423292,896463.5976775519,1079153.905536778,1136052.6032185736,1039432.7412309215,1091886.5866495376
2018-10-24,992720.0224326508,1035049.9480522437,896583.355453153,1046457.4120701198,1084059.3092441421,1021611.2629672356,1093005.4012996678
2018-10-25,991523.1296247395,1033207.9335483373,896703.129227089,1065231.4429932649,1121562.753043228,1032257.1912374871,1092120.7618984915
2018-10-26,990937.0771988484,1032276.3644607347,896822.9190014971,1046496.3845456577,1092714.0952757157,1022311.1991026304,1092144.9779618222
2018-10-29,992325.9886167054,1034166.0447871004,897182.38434893,1040698.7071571177,1070224.7768187558,1018484.015453293,1085267.8993272926
2018-10-30,993130.2993687092,1035304.2982273566,897302.238146604,1056120.4993942447,1087862.0601739155,1026956.3432616898,1085453.7098838151
2018-10-31,992900.2735936949,1034902.4616546303,897422.1079554404,1067400.7761782468,1113432.7663487678,1033341.4855929435,1084698.7375141522
2018-11-01,993119.6374986476,1035169.8445714316,897541.993777578,1078759.6037030995,1128119.2852329474,1040983.7924761,1087899.4232990223
2018-11-02,993767.9197031199,1036075.9092004522,897661.8956151562,1072370.3389440917,1110548.1521737762,1036047.2225513618,1088546.667039017
2018-11-05,998624.2864781164,1043133.2499684518,898021.6972419297,1078286.4818886702,1107794.0564116305,1039755.6105578452,1090453.5720391897
2018-11-06,999949.6490083045,1045051.2913045298,898141.6631626674,1085110.0306065194,1116186.3379405807,1043743.2038397494,1092662.655852919
2018-11-07,1000338.5347455645,1045572.0681099145,898261.6451095459,1108340.722285842,1151198.60981641,1057511.2422371795,1096272.1570033748
2018-11-08,997678.1636942483,1041539.8232208637,898381.6430847062,1106329.5002321866,1143855.1931232205,1055588.4320735105,1092525.8863504163
2018-11-09,998646.072900784,1042923.7097888335,898501.6570902893,1095522.4125725888,1124579.1436398635,1049929.6025797157,1089169.5286536072
2018-11-12,995144.9863241499,1037520.1876613382,898861.7953109923,1075052.304898841,1090550.1104741388,1038844.1426020472,1088746.144351322
2018-11-13,996664.7202167187,1039724.282926678,898981.8734596848,1073040.5443653853,1091468.1423948542,1037837.1445712304,1088244.0636385342
2018-11-14,996693.4676308933,1039707.5981476383,899101.9676495105,1065704.901357569,1083141.0676552935,1033619.8971187802,1056458.7406832285
2018-11-15,994001.1169362061,1035635.866575991,899222.0778826122,1076827.2016301944,1102089.9300169703,1040607.4817642197,1051569.0072761064
2018-11-16,993644.645232152,1035045.998308532,899342.2041611334,1079627.7004509575,1098221.7626296743,1042908.24682635,1047618.9727044833
2018-11-19,996276.8658816022,1038784.6639268163,899702.6792906491,1061366.1676776297,1062553.858501686,1032284.3540624911,1008481.961918945
2018-11-20,996945.2333771591,1039720.7402162222,899822.8697722855,1041724.3092465271,1043539.6845165532,1020664.1250760051,982515.7008617239
2018-11-21,995875.9521791083,1038068.1273526693,899943.0763100614,1045273.8334693341,1051473.317004379,1023024.0552505439,992558.806425661
2018-11-23,993819.874405239,1035629.1080797568,898683.4320644353,1038293.0486498337,1043867.5006426326,1018807.5883158725,976193.9665610004
2018-11-26,992579.5423411846,1033604.4803708451,899043.6431443426,1055055.319039523,1067995.690061856,1028598.1858835773,938001.0437123531
2018-11-27,990869.464964739,1031001.3644190045,899163.7455859255,1058605.2471221802,1071601.772282795,1030792.6142755379,941185.6257201877
2018-11-28,993086.4606694863,1034237.7481853784,899283.864071887,1082979.4679671505,1106089.349655578,1045821.0066555759,973546.2768871312
2018-11-29,995222.4659305975,1037356.4163046079,899403.9986043703,1080613.387725179,1102483.057766506,1044649.4794276924,975107.2156427258
2018-11-30,997401.5568504236,1040541.8041913139,899524.149185519,1087200.4091908012,1110482.001877788,1048350.6064016846,957315.0730535003
2018-12-03,998112.513981599,1041422.171267236,899884.6972423986,1101596.195478669,1129889.6181146558,1057364.7368775348,949315.4315503279
2018-12-04,997724.0643167786,1040783.5399816976,900004.9120396514,1065901.7830345083,1086550.7956695983,1037938.1642846706,953994.32946721
2018-12-06,995444.3312536901,1037267.6292199407,900245.3898144662,1064284.7955045563,1094221.7139866676,1038020.6266822991,922011.998855846
2018-12-07,993218.9909582618,1033895.6183550552,900365.6527963192,1039555.17799147,1058095.2656516214,1024100.9677545696,914151.1380615773
2018-12-10,995512.2017902383,1037128.4896893578,900726.5381454128,1041527.1583296879,1069175.702314862,1025538.3157744922,921254.7021814389
2018-12-11,997547.2577409209,1040097.8675387866,900846.8654034439,1041763.820201865,1072716.5777464113,1025794.6159557394,915180.9202742156
2018-12-12,994812.2375312898,1035964.4863152565,900967.2087358865,1047009.4884852499,1082157.828945189,1028582.9909717849,920266.1592882279
2018-12-13,993239.4485694865,1034305.363291538,899585.9561303281,1046654.5629869592,1082485.5402372018,1028490.5949555642,906633.3016817102
2018-12-14,993833.4781061776,1035129.8466694041,899706.1310190212,1027328.1190988093,1056128.264061079,1017213.0614618174,900874.5401029006
2018-12-17,996518.7888083332,1038947.7463633161,900066.7520180186,1007173.6952079145,1032196.7433506898,1005933.2756208025,926366.1224157852
2018-12-18,997175.9212059448,1039866.9943755248,900186.9911358071,1006069.4750676795,1038687.9639169531,1006453.7470273057,938224.3440194647
2018-12-19,995348.9135518043,1037085.7087509022,900307.2463162325,991002.8775687432,1013182.77903369,997790.695378332,942111.4925061079
2018-12-20,994017.5350986819,1035044.610769056,900427.5175614406,974871.3689549846,998496.57465171,987668.7652854302,971511.3689321815
2018-12-21,995708.1712739416,1037500.2311673727,900547.8048735776,954896.7973173484,967549.3485401438,975339.89167519,954831.8507991349
2018-12-24,996417.205183666,1038371.9562011003,900908.7632330263,929665.5185604236,943556.290232694,960135.2482878393,968403.9152933095
2018-12-26,1000386.3392588008,1044163.9083053214,901149.4825133272,976636.8422898352,1002470.7292802808,988516.0576767083,952963.8850981724
2018-12-27,1000005.9526782172,1043536.9379795316,901269.8662721206,984134.5677175043,1006350.4284148965,993705.7339975554,938047.0799184588
2018-12-28,999779.7023069115,1043139.9083138054,901390.2661128734,982865.0342786155,1005824.371068985,994401.2463167293,958853.7666610788
2018-12-31,1002806.0317594198,1047465.9573866889,901751.5621483735,991473.8454639717,1014306.3905588958,1000638.3563334724,945803.3589441683
2019-01-02,1005037.5880840903,1050674.0857023876,901992.5066212317,992505.438141158,1018382.9680704788,1001563.6322897507,961058.7278717777
2019-01-03,1005115.9397585612,1051481.4269958467,900609.6821544981,968821.3464700875,985112.0948739917,988877.6954154037,953349.681175166
2019-01-04,1002468.8362775088,1047465.2084821445,900729.9938018412,1001272.898937641,1027259.6878209235,1007568.8764065452,955002.4836553221
2019-01-07,1002199.0197789093,1046880.1244074162,901091.0251864156,1009167.4166680644,1039489.5251897393,1011655.1942161905,967897.2677800374
2019-01-08,1004371.4215177428,1050061.9794535602,901211.4011359467,1018648.968989555,1048892.3022860957,1017054.2274679664,968391.7169603049
2019-01-09,1005256.6775425085,1051324.043406938,901331.793166394,1023409.6689029068,1057440.472071995,1020250.2867899425,968802.8917716354
2019-01-10,1003889.6055978957,1049221.3953201242,901452.2012799056,1027019.8394132089,1060465.1445598877,1021950.0242179667,943225.9256944122
2019-01-11,1003300.7657550252,1048282.1396780835,901572.6254786302,1027416.3624760631,1056585.5502593385,1022762.9672587293,943963.3697597481
2019-01-14,1002343.1444299271,1046672.960079204,901933.9946075708,1021148.3902920448,1047248.5041227044,1018443.3670571904,945933.0521366075
2019-01-15,1001183.9175800515,1044883.7568407313,902054.483168638,1032851.5083391347,1067697.9613128747,1025523.1886119271,940249.7428419649
2019-01-16,1000941.8397021184,1044463.0144685098,902174.9878256649,1035350.8623316494,1067500.4539315081,1027358.9192207737,942228.0374051441
2019-01-17,999434.6012811365,1042156.3971112897,902295.508580802,1043205.8017967601,1075917.161797963,1031726.8631171876,944137.9924640354
2019-01-18,997470.2778960516,1039170.602101809,902416.0454361996,1057090.6380642361,1086569.0367971768,1039655.910326081,942630.5313574347
2019-01-22,997421.2123008809,1038856.7036378076,902898.353903417,1042808.8075640807,1064804.7507444266,1031580.1661271713,939009.2768070768
2019-01-23,996577.2079580729,1037541.4172399109,903018.9712923858,1044990.9969542918,1066185.5202348619,1033301.7764117853,937576.7203494639
2019-01-24,995163.2964525298,1035379.1151378766,903139.6047945245,1045546.304248223,1073089.7870233036,1034329.5188510107,938899.477457865
2019-01-25,996939.4168876121,1037959.6881599167,903260.2544119855,1054393.1908152318,1085911.6223658866,1039386.8868091183,938901.2616373389
2019-01-28,998155.6478654421,1039587.4728856818,903622.2999778326,1046379.4671190445,1072497.893883603,1034413.2129762683,929017.5981491952
2019-01-29,999121.4785936616,1040964.9836400736,903743.0140781143,1044990.9969542918,1062371.8665621679,1034676.3014360898,927310.9121660718
2019-01-30,999015.063764908,1040746.9979405255,903863.7443044854,1061533.9041353844,1089396.5164059023,1045433.3293673444,930468.6781439058
2019-01-31,997987.7752729645,1039158.5533200996,903984.4906591002,1070856.9414656986,1105703.3506225673,1052191.1647778784,928282.571369377
2019-02-01,999304.7879913311,1041058.1224686936,904105.2531441132,1071372.6704943166,1101034.6703031503,1051623.4061708427,930797.8156554656
2019-02-04,1000879.3539640505,1043222.6181711686,904467.6374030918,1078910.2434271984,1114711.4274583901,1055708.79842085,928781.7298221968
2019-02-05,999268.9975509266,1040765.0564475426,904588.4644312491,1083432.6660289725,1124574.426106869,1059272.4194810432,929448.8130867674
2019-02-06,999381.5309158164,1040872.9078879644,904709.3076005818,1082004.617598907,1121220.993986298,1058197.6438140194,925305.4077231752
2019-02-07,999763.4529721217,1041381.5701005609,904830.1669132462,1071689.9697165699,1106163.4673406233,1052342.7423581576,924229.4398261666
2019-02-08,1001328.8715833566,1044250.5321398079,903736.2836284854,1072999.1487307467,1108333.4276839925,1054057.2245625565,946118.1785316276
2019-02-11,997827.1360060624,1038417.0441168359,904925.6895798183,1073594.0342899906,1107281.4178262355,1053976.0256224133,944976.0861258173
2019-02-12,1000130.3107962447,1040480.9320890834,907691.4959769964,1087400.050576716,1123653.8781685566,1062186.6804714375,945460.57358929
2019-02-13,997558.0434840788,1038041.1008060242,904876.148338989,1090930.3241466668,1124442.754519291,1063502.9565389499,943883.1140815875
2019-02-14,993386.2862183059,1033725.8615804887,901039.4722009003,1088510.799784528,1125823.7336778592,1062723.5266350312,942787.1535961259
2019-02-15,994067.2305962195,1033943.7276780377,902655.1779285608,1100372.5674427447,1130557.6207866655,1069989.296120418,943182.6322413277
2019-02-19,1018738.011491596,1029605.3930465198,987632.1483934629,1102276.7666361155,1132793.5217578902,1071339.5553018316,968713.7521680957
2019-02-20,1021334.719569519,1027067.4760555201,1001703.9473820693,1104498.6689115898,1132596.1192105901,1072675.1766540394,972686.4202653456
2019-02-21,1018683.839583348,1028410.2331647313,989981.7923034909,1100571.1318690595,1128453.7059052181,1069427.5168960742,969443.1716627774
2019-02-22,1021120.5311365413,1026703.4645903799,1001708.894568508,1107394.4113470088,1136803.9489734848,1074483.6784412893,973315.0161919097
2019-02-25,1012998.0430639576,1025511.3589348441,975841.5654315315,1108902.0874775252,1140946.6767810564,1075241.3660301873,965384.9734078338
2019-02-26,1012189.8707449562,1026988.8648653907,969965.9331044047,1108108.7048019415,1142130.358226391,1075260.4324420176,963361.4513934616
2019-02-27,1009739.4013386321,1024863.3442723048,966822.615212038,1107632.5540386362,1141406.7934991128,1074062.9319158476,963203.3053543365
2019-02-28,1008285.1928807815,1022125.374601083,968208.0730595692,1105569.6379241638,1138776.8212717536,1072101.5751241036,963573.8581221242
2019-03-01,1004985.8153633926,1017801.9651436483,967203.1052425263,1112472.4104826138,1146667.5766263634,1075423.3685758198,964023.7939508987
2019-03-04,1009004.3962676554,1023441.4057110259,967590.7804378158,1108425.8694042447,1146864.874339597,1073600.798804761,956934.1750368318
2019-03-05,1009243.429633228,1023729.1732936907,967720.040030573,1106918.5298236036,1147719.2719819206,1073006.4781623192,967312.896080978
2019-03-06,1009819.8791399307,1024505.8813033612,967849.3168910043,1100213.7832116678,1141209.600619946,1069749.273605341,967966.9728537755
2019-03-07,1010201.7811040825,1025000.7344287107,967978.6110214166,1091010.0864670677,1127204.1886660946,1065580.0070428636,968618.473633993
2019-03-08,1013637.0822526172,1030258.3145481825,967365.7803205592,1088828.0316968064,1125494.6595429813,1064857.509474227,967939.9395663623
2019-03-11,1008237.4993717351,1022094.506301218,968067.9809215786,1104617.5383274783,1148902.9534272552,1074162.1808314244,968556.8406488539
2019-03-12,1006288.5454418691,1019050.737132958,968557.0167455719,1108782.7468918113,1155215.012573797,1077392.182018387,968939.7452118624
2019-03-13,1007799.6270078184,1021319.3533012008,968373.9424330689,1116122.1592582287,1163894.7491132077,1081471.0498498697,968848.9934772098
2019-03-14,1010104.5815718826,1023780.4732299325,970311.6390564695,1115408.404283096,1161922.086483072,1080412.8656432026,970252.8679987136
2019-03-15,1009700.7204750654,1021687.3656435373,973647.3149642411,1120918.8700082174,1172705.528235797,1084701.3096320136,973053.9685062855
2019-03-18,1013689.4549877131,1021870.0389821907,985922.2389489084,1124983.2482299674,1175498.4126025636,1086980.661079059,978624.8553578757
2019-03-19,1011077.198839787,1015033.6023637812,992843.7668086451,1125262.1807664584,1179450.7617452936,1086900.1821518685,981532.681913204
2019-03-20,1013006.2536144067,1016734.1562739847,995276.7747608798,1121875.2774433044,1184127.828790034,1086714.9227067174,982802.4058254763
2019-03-21,1007094.1746487392,1014364.5679682638,981327.1058312269,1134546.2456212349,1202638.170251362,1094159.7821625846,978699.835509634
2019-03-22,1009165.4611529874,1017366.8010904883,981277.6904775588,1112710.7551041672,1176223.1305045742,1083711.3929823982,978400.8812175643
2019-03-25,1000721.992465529,1011173.4243605328,967817.5966416574,1111873.688254794,1173983.4555069536,1084020.2918146916,974233.183112016
2019-03-26,1000579.4165656377,1009065.7906540887,972064.9224710347,1120161.9020291208,1179450.7617452936,1088948.358112956,975947.5061071239
2019-03-27,1011374.076089995,1012923.8508731562,998349.6547828207,1114304.5206927366,1171875.4520969111,1086452.3303168365,983531.6423914877
2019-03-28,1011346.699808374,1015365.2474441372,992644.9476382926,1118527.7504555383,1174575.872816987,1088962.8791360315,982327.0933554842
2019-03-29,1014045.0882262995,1014709.9609757713,1002968.0357501917,1125580.9608081623,1183469.2611840118,1093042.91157349,984538.5897063599
2019-04-01,1011664.053936045,1007803.9732742828,1011086.988207601,1138929.8750545138,1199146.671665154,1098819.784803357,989121.4740816719
2019-04-02,1057879.635308246,1008087.712474236,1164386.838129167,1139487.3362676455,1203691.8574541833,1099629.420523672,1040715.5863745863
2019-04-03,1060583.9783275519,1008237.5791184433,1173904.9849647975,1141280.47400223,1210608.9139987433,1099856.2946126023,1046772.2636741197
2019-04-04,1056870.0271310315,1008362.9235821035,1159861.8625824677,1144308.749778467,1210147.5392718883,1101932.595646077,1043698.7062983565
2019-04-05,1063388.463553996,1005896.7462968564,1190326.3573703147,1149847.2837631723,1216405.504040094,1105458.1240241174,1051039.674434892
2019-04-08,1074594.981444335,1009962.7020430071,1221007.979416681,1150723.9288778582,1219501.463693236,1105759.6795940343,1067029.4274716359
2019-04-09,1075960.0243905322,1015038.4047559798,1211859.9528438046,1144826.6327262856,1215219.6210793622,1102604.6341388298,1061996.8061662235
2019-04-10,1078473.0079813122,1015054.9779147649,1221248.4098304417,1148731.6882371588,1221741.3483589895,1105715.706860765,1069416.5007239557
2019-04-11,1069991.1103592464,1013474.5731525145,1193669.1466165113,1148412.7735755048,1218842.7912531476,1105002.340873054,1053846.6391517574
2019-04-12,1070440.8866794487,1013673.563676053,1194794.8314956096,1156183.1717119878,1224112.380441988,1108632.629572728,1055509.0288850958
2019-04-15,1067627.779896099,1011195.9540863766,1191075.0089248756,1155425.9344929908,1224310.0974914876,1108114.9671859741,1054471.399449672
2019-04-16,1070347.2930519483,1008921.3083323766,1207439.8674916122,1156183.1717119878,1228526.2091456393,1107772.7008058636,1065086.473490885
2019-04-17,1071910.3471549833,1010812.0945251251,1208037.458869272,1153353.9988418652,1232807.5275891805,1106105.3737292949,1066185.6462998055
2019-04-18,1073800.8802115147,1010912.1763565865,1214860.4404982543,1155624.7681592053,1234388.9494829786,1107985.23890853,1069114.1281241227
2019-04-22,1073269.96619538,1008298.5690410278,1220177.9109850393,1156621.3596493802,1237879.7142307204,1108025.9519632654,1075623.4804512446
2019-04-23,1075916.9854566753,1008062.2341148218,1230876.3719223293,1167021.2892700701,1253623.2750078512,1114783.048358804,1086063.0416146552
2019-04-24,1072215.5943186209,1007040.9656013184,1219671.0907384646,1164431.066811276,1249671.1355332544,1114328.1396737818,1079879.278178526
2019-04-25,1066213.9733368757,1007991.1626469633,1194229.2039530545,1163713.677097492,1254743.3221747943,1113875.2897531148,1064902.0267227478
2019-04-26,1067942.219324471,1008341.6622682102,1199712.7616439802,1169132.9378064582,1255863.054839538,1117891.0992181534,1069221.9135740707
2019-04-29,1062375.0556607968,1002782.9198032863,1194283.3762315891,1170966.057666206,1258300.3420525913,1118161.1414711825,1067580.7840015492
2019-04-30,1067765.1041522212,1001597.2354169063,1217775.9619323865,1171563.5010045008,1248551.4028685105,1118791.9968634078,1073990.0903781566
2019-05-01,1068531.3755386185,1001219.5492869596,1221760.5212107347,1162757.7408322303,1244533.1130979252,1114035.666465505,1077219.9670364826
2019-05-02,1068611.9550777217,996384.2766063344,1235835.1193078135,1160247.213383862,1239131.3281511744,1111606.05453154,1083456.9768618217
2019-05-03,1079336.5515743236,996969.7209244723,1275483.6277762728,1171603.348509714,1258893.3883670238,1118873.8152085552,1099086.4051800286
2019-05-06,1080919.1440449227,996967.2157307157,1281690.9652642237,1166782.0696188423,1251186.4071310638,1116689.8128973586,1098191.0877660827
2019-05-07,1081887.407435441,996393.751249907,1287238.226691163,1147297.1780494908,1226813.430166463,1106035.9131547557,1103034.5459599134
2019-05-08,1085663.7762060273,994318.712951016,1308470.455889091,1145703.6817008213,1223717.470513321,1105032.7254249577,1111820.2100227089
2019-05-09,1091072.1253384552,994005.0543776547,1331161.171875105,1142236.679507391,1217130.3267761709,1103270.6539789697,1122632.9256851708
2019-05-10,1097709.94010043,992988.4562603108,1361332.6713190684,1147974.3163982115,1218645.2838717806,1106677.112636665,1133882.5639503873
2019-05-13,1146660.1208237272,991877.0362619482,1570327.2009969023,1119125.9342035574,1176355.116594351,1090723.9769855822,1209148.9565293184
2019-05-14,1159586.895122042,992588.0607548159,1626710.4316821236,1129246.5947378816,1189265.641557229,1097002.8987807243,1217593.9185983874
2019-05-15,1175480.1753155058,992592.9175917368,1701010.7531954115,1135860.9440533626,1206063.3088734476,1101623.574886703,1227337.3862657424
2019-05-16,1172766.1368610058,991859.1811220405,1690853.2916273836,1146380.685429592,1218183.6994767927,1107220.2617171686,1213080.7666949092
2019-05-17,1154633.3566734507,993584.6688630986,1596845.7760642122,1138969.453319826,1205734.3395726362,1103047.197859263,1188223.9762568546
2019-05-20,1163081.4591076754,992258.8892942704,1640113.963307688,1131438.1402146209,1185379.4427104874,1098063.921978255,1220445.8150536728
2019-05-21,1164302.6092390076,993317.8685802851,1641769.701720802,1141639.2361690963,1197763.386157121,1103963.7125256744,1219872.426154591
2019-05-22,1160695.7652777599,994626.1493333447,1619771.0001321768,1138132.386470453,1192427.6466722926,1102659.1934481657,1206968.980260867
2019-05-23,1162227.825962851,993357.6918315851,1631717.7175148407,1124226.41487082,1174181.067722386,1095869.8510537758,1216595.1446544202
2019-05-24,1163711.2794989063,993069.7671433546,1639763.6244326278,1126776.2513446014,1173588.0214079535,1097521.4941255876,1221595.3709311632
2019-05-28,1174109.1450949507,993890.6067211139,1685597.8456911899,1116296.6940234601,1169174.8217087016,1092039.0620979408,1255433.490438864
2019-05-29,1174745.8629228093,995583.717231833,1681944.7960691168,1108805.5649733432,1159557.5541121985,1087761.609544893,1252938.8873519087
2019-05-30,1172309.6493306344,998851.6985470277,1657435.742201016,1111833.8407495804,1164431.7092020393,1090695.481204116,1238297.0642573999
2019-05-31,1178529.8415938814,1001731.3669355144,1675600.3770774854,1096851.8518892466,1145855.9512831885,1083901.9934118525,1249800.6745648654
2019-06-03,1173412.435269479,1001844.4414550525,1650663.271891778,1094062.3245944125,1120626.3751608664,1083271.5350917333,1234487.2592863592
2019-06-04,1166962.5708229959,1001835.0878275562,1620455.3773995177,1117811.101151479,1152179.6470111166,1096987.6903858427,1211990.1339077973
2019-06-05,1164130.0272510785,995851.6288320516,1629926.7791981157,1127493.506438435,1160743.0177366647,1102450.2144590933,1217597.2339634148
2019-06-06,1165526.0540358538,997148.0470974491,1631491.1214260366,1134825.0435377748,1169964.9560682348,1106671.3147506556,1217608.0121417465
2019-06-07,1165263.8495018624,993786.0335524009,1643102.8451107603,1146181.4479035267,1192559.3182598706,1114561.0950875967,1228085.725946202
2019-06-10,1164050.4339543874,993208.0275384831,1639405.8621794411,1151441.1839716914,1206458.7429724468,1116460.317012237,1226797.962382488
2019-06-11,1162487.945725922,992643.5743054051,1634244.6494533746,1151162.1168152504,1208105.3716556346,1116216.8300244063,1223572.1624937959
2019-06-12,1168335.6358274692,993672.2301489104,1657695.6669083599,1149130.163289288,1201122.5841513523,1115602.0610721787,1233787.113953689
2019-06-13,1172513.0209072775,998371.0279906044,1659162.157336895,1153871.8817896838,1208237.0432432124,1119334.3563862215,1237767.7844005034
2019-06-14,1182602.5912021904,1002707.8265318816,1689936.1280633884,1152596.896242818,1203099.335310083,1118470.7019782593,1258767.2403605096
2019-06-17,1190347.9374861391,999762.2892903935,1738765.0305094072,1153035.218800161,1210345.2563213878,1118604.6318287086,1285929.5874048236
2019-06-18,1184576.5609226916,998385.2716993564,1716251.865156415,1165108.2051599969,1227933.162831206,1126846.40237008,1276174.361310689
2019-06-19,1189046.86852571,999805.1712929308,1732145.631624498,1167738.140504054,1232544.6037502903,1129918.0203050845,1284377.5150206212
2019-06-20,1193811.774680884,1001153.0357283565,1749834.5541675652,1178895.1727237909,1244006.2170794806,1137167.5155903753,1295036.2642788533
2019-06-21,1206139.657973518,1001788.1629720312,1807476.5030558563,1177181.8646195824,1242161.4520105268,1134991.7258534555,1320334.3598764206
2019-06-24,1220611.8457186066,1003278.9208121488,1873884.321731182,1175740.3541945126,1242201.1841217466,1134974.962741438,1354047.4903430091
2019-06-25,1232722.8844119192,1005472.9991651727,1926298.5494175332,1164208.6746538037,1220877.09631441,1128377.3805969039,1382942.5049742162
2019-06-26,1250620.5900367163,1007302.1204037564,2011347.3526726277,1163047.3083447749,1226554.804524301,1126688.7582949926,1426186.5257674714
2019-06-27,1228365.4359970766,1010324.0267649676,1877959.5673686,1167171.3905143694,1231242.3549756955,1130343.3145816394,1366053.467663652
2019-06-28,1246335.6881508552,1011689.3293526146,1963616.1607046893,1173177.594205527,1232826.8170574233,1133630.2775594078,1411056.362486837
2019-07-01,1230951.983512689,1010373.6668608092,1889064.625889429,1183828.4554130991,1249463.6689155651,1140140.2514901012,1347364.9222059415
2019-07-02,1229207.8363408197,1006595.0227779539,1896627.0837726276,1186911.252269104,1254414.562542115,1142741.9493827955,1355837.8903984276
2019-07-03,1240824.0317287992,1008417.4425694012,1948359.5585558766,1196401.016407547,1263855.2895705597,1148962.8506469985,1399630.6306914736
2019-07-05,1233539.421647311,1009779.8379673584,1904213.4568658734,1195039.4702328034,1261280.5648962685,1146241.9446569728,1365001.2725448913
2019-07-08,1238818.5085975092,1004152.3111534009,1956593.62265764,1188473.112929513,1252434.0373569883,1142215.3214970883,1413131.0218441386
2019-07-09,1238467.8075987569,1002343.0997073203,1962972.8871336652,1189954.4708597958,1258705.8402219776,1142946.2939328314,1423195.8751203173
2019-07-10,1230053.9016633725,997051.9937680274,1942697.428069797,1195640.2790698493,1271249.236283823,1146552.2979742188,1409159.050220271
2019-07-11,1222741.210112881,996575.0205250442,1906368.0232768834,1198443.2010497127,1270325.2288213146,1146472.2726431433,1381545.2426637206
2019-07-12,1228399.88579874,999168.1694250263,1924201.573888637,1203808.4791587119,1277653.1300726559,1150049.1506727426,1398361.631011997
2019-07-15,1219748.866350741,999655.6558955119,1876630.0767736514,1204209.2427499925,1281746.1665326862,1150943.0978569845,1367398.9781744853
2019-07-16,1209996.0029440199,1001905.6812310234,1816757.0917299287,1200324.7840914761,1275144.3460262201,1148217.7912582322,1314157.3757270558
2019-07-17,1207521.418061213,995350.9693266486,1832105.3760028044,1192156.8532425135,1268872.5431612309,1144731.4056573124,1323272.0516075545
2019-07-18,1215730.6208797235,995398.207506892,1873420.3897644859,1196520.962783036,1270325.2288213144,1147987.3162117263,1363229.0734192927
2019-07-19,1215778.0961030377,997107.1076997095,1866159.5767854035,1189874.5066094694,1261016.5927167137,1143624.9604469948,1358151.6963072584
2019-07-22,1223181.4873063776,1006980.5065557911,1860952.973939309,1192797.374964822,1271051.3095661898,1145886.7375563628,1351415.8911305047
2019-07-23,1221385.8509499645,1008128.6730517506,1846895.6457012089,1201325.9526599522,1279369.4734100942,1150349.635288332,1334203.6510414432
2019-07-24,1221789.0677022273,1009251.4664817496,1844128.4566381762,1206971.5095049427,1288348.0918732183,1154255.2603705474,1330736.7834696276
2019-07-25,1224487.552897454,1011599.1504606534,1847695.737330266,1201205.8716645134,1276134.39895065,1150242.2076604567,1334926.5394543905
2019-07-26,1223382.6002345954,1010598.1555984867,1846404.0899226703,1209253.8561379868,1289271.9945016599,1154948.813569504,1333373.0671799507
2019-07-29,1227715.4768259267,1018835.5045415631,1833166.7056745896,1207051.3391353188,1284849.0452342194,1153894.3843443976,1319569.6715184688
2019-07-30,1228442.1779485045,1018795.3949443515,1836952.0174610585,1204088.6232747529,1279303.4279481722,1152153.4957237232,1323364.2814048508
2019-07-31,1232561.4646863479,1019037.6629217861,1856465.356609757,1190915.388063209,1261610.8970399443,1144797.4755028805,1343248.9455277713
2019-08-01,1235770.9419497373,1019908.9408055535,1868875.2583411946,1180544.8055916284,1255338.9893408883,1142404.1003702432,1355922.1711920719
2019-08-02,1239905.6365184942,1023699.7479640568,1873510.5399850898,1171656.2541500807,1236854.1225577302,1137406.452661419,1360684.2504657016
2019-08-05,1252156.43158522,1026002.6942842631,1925519.6312406233,1136420.9630455452,1193149.7437226379,1118874.7674018182,1409990.6284790935
2019-08-06,1249710.1435379048,1025893.6398888838,1913457.8123333077,1152356.4650120395,1209852.326540502,1129482.4690537706,1398388.6974215491
2019-08-07,1253106.4313507683,1025753.4897816913,1931401.5138247597,1153037.5073393113,1216388.101585046,1129642.577567649,1415470.9240456712
2019-08-08,1255361.195164482,1028138.432801405,1932507.5262980573,1175659.9860843355,1242861.2194046983,1143381.6227769759,1416472.2893587844
2019-08-09,1257152.3567914257,1031194.009975692,1928297.5199243699,1167652.3875958754,1231176.2046797054,1138100.8160436142,1412930.3764327082
2019-08-12,1247615.1888747157,1026922.086993404,1898076.6999339093,1153438.0016906918,1217048.451370199,1131445.2831322956,1396246.6527463833
2019-08-13,1240202.8891768774,1025599.4791941447,1866191.4100962114,1171375.7061741892,1243719.810409684,1141362.0515793434,1378463.7580043336
2019-08-14,1225863.2770728203,1022063.9616422316,1809277.4055069033,1136740.954666799,1206551.5211213357,1122528.8867956528,1346554.7976529603
2019-08-15,1232181.0219591565,1025084.160766236,1827884.079368117,1139744.594992178,1205165.0905913073,1126370.6544651522,1357123.4604748313
2019-08-16,1234435.2917767419,1026717.8634254084,1832233.760285195,1156560.9152918097,1224508.443545384,1135985.4254649486,1359729.6612925779
2019-08-19,1244275.3890384159,1030510.5435455422,1865058.960106873,1170495.0224610018,1243983.7825892386,1142998.0600134095,1381503.1350989481
2019-08-20,1242339.3045238494,1030262.0876530946,1856434.7800514328,1161525.968289328,1234345.0240090943,1138993.1747924476,1375830.1410510086
2019-08-21,1237780.6370700388,1033455.785126261,1820300.2418496371,1170975.4810627084,1245304.1676573448,1144312.4319903841,1351984.2600307416
2019-08-22,1236063.4154306357,1031471.1751920558,1820038.8142851524,1170614.9688364908,1241277.1766592364,1142892.6339621113,1351830.8711099175
2019-08-23,1237955.3420419805,1029638.7270052998,1836869.2187709394,1140544.6413552887,1201995.956759718,1127133.108631859,1363042.043308527
2019-08-26,1239013.3208601975,1031202.2943827373,1835534.780988611,1153157.7229547,1220151.1204035992,1134413.9162571835,1362120.1723119104
2019-08-27,1237841.3491509266,1032242.7976527029,1825425.849669868,1148633.1464337253,1217576.5005633747,1133179.6737627878,1354945.4672917335
2019-08-28,1231262.4090192078,1030231.3405790173,1801386.149034948,1156721.1130323617,1221933.8237051594,1138006.7493411123,1337868.7147370519
2019-08-29,1228864.776535073,1030788.6588387213,1787419.57572212,1171496.056409528,1240616.6172059502,1146449.2086381114,1327944.9081233628
2019-08-30,1229482.631052633,1030253.2733572441,1792581.4087932978,1170975.4810627084,1237645.9342623272,1146545.770494925,1331754.3138616513
2019-09-03,1247348.6876818947,1034448.0337240605,1862746.0331788054,1164128.7104034766,1225631.0067299241,1142414.5427422328,1374065.8092538498
2019-09-04,1252201.4164878316,1040608.4651942087,1861018.2511087563,1177341.7931202336,1243323.747306285,1150997.3882307005,1373067.2105118767
2019-09-05,1256679.3097397787,1046182.2990487628,1859942.5296323968,1192477.1141036674,1266099.7869352396,1157897.1654111173,1372458.4347918874
2019-09-06,1254213.2957771786,1046723.0264401832,1845533.393750214,1193397.9145619676,1264845.656997188,1158923.1901675572,1363934.6715790704
2019-09-09,1258584.5438932506,1052113.7949931193,1844753.991760976,1193998.5887790634,1262204.677192842,1157315.4787111117,1363650.3056486628
2019-09-10,1253569.9674229585,1049923.2176273712,1829215.9510592376,1193718.444663022,1258573.9589662652,1154657.9696184027,1355109.062759642
2019-09-11,1255102.0800717445,1050606.706280145,1833889.6412527326,1202206.770993089,1270391.2742832352,1159666.1004570613,1357743.322133596
2019-09-12,1259879.328142478,1052169.5805545305,1850791.6733711716,1206371.5083875966,1275672.5000534616,1161335.239107382,1367144.766481996
2019-09-13,1257594.9679255197,1050366.0841804398,1847007.999727719,1205569.8465850851,1271117.3550281108,1158103.5805210788,1365319.2305266808
2019-09-16,1251712.819820728,1045146.4017371652,1839594.97290592,1201846.5280067713,1265439.8564863526,1157201.150928859,1362388.0624719206
2019-09-17,1249715.1843836815,1043539.8642412459,1836406.8152870391,1204889.477357563,1271513.522965576,1159661.4829855403,1361102.7444158788
2019-09-18,1248925.0294333708,1043545.5332233799,1832513.1998030292,1205610.367190048,1270985.1592702004,1160614.9546114425,1359514.593550215
2019-09-19,1251029.4874718362,1044474.4942174768,1838999.5493383873,1205530.1336998218,1273097.8802132371,1161229.8481180104,1362367.8997315362
2019-09-20,1251031.0820361418,1046465.9440003332,1830825.9192765015,1199834.094373565,1259630.0573526174,1159630.4116666953,1359120.4312200574
2019-09-23,1239699.8555779012,1045689.3738484654,1778902.477185339,1199552.6040580233,1260185.887573427,1159672.504481047,1341301.8511228282
2019-09-24,1212116.2133929865,1045118.9661064446,1649229.8612207759,1190139.977150955,1243449.6530202026,1155485.8680914445,1295570.6853138225
2019-09-25,1209023.0989321321,1042817.3645846487,1643676.0092710778,1197179.79281855,1257407.4703078433,1157669.0800207567,1289669.4866320093
2019-09-26,1210532.7632769805,1046142.0939124567,1638289.747873112,1194685.5543841368,1252777.0544227145,1157001.8821338832,1273012.7272408963
2019-09-27,1210725.922720835,1046446.6176267373,1638048.3795565763,1188249.7784323888,1237231.2106950835,1153835.4334552782,1279382.144134341
2019-09-30,1208392.180731249,1044138.2107940702,1635951.305559014,1193760.176847535,1249006.2778832368,1157168.1996080414,1281805.2384419786
2019-10-01,1210262.8649794296,1046341.4464808671,1636338.5206389574,1179561.0029967064,1238819.2371350736,1149750.3506337625,1284215.892835844
2019-10-02,1207248.9634800593,1042542.923318337,1636616.2427200957,1158723.988649114,1217518.3176564428,1137889.3145861935,1286633.9940492199
2019-10-03,1205396.7124520661,1040213.6588863155,1636778.1358096227,1168217.3875262088,1230880.8871142536,1145252.0796965833,1280635.441727735
2019-10-04,1204681.8103207916,1039603.606920328,1635782.1183426185,1184026.077499762,1249006.2778832365,1155276.543020123,1278241.0839364543
2019-10-07,1211396.1482154874,1049518.1757050038,1629802.4070372547,1178917.2503955967,1245235.5013437588,1151026.8220229577,1280648.1468190337
2019-10-08,1213244.4605268717,1051762.8842774415,1629957.840967763,1160614.7258474806,1226581.1178750007,1140467.4220482868,1279983.2719149627
2019-10-09,1218065.59154603,1057550.0944946113,1630621.1103103133,1171636.7342573234,1238554.2166148534,1146724.779035821,1297226.9631423636
2019-10-10,1217921.1324496851,1057311.5538842862,1630834.692334493,1179561.0029967064,1248146.324035386,1149802.1130009152,1296928.7289011793
2019-10-11,1217251.6235590016,1056722.3848096388,1629966.8095995842,1191789.2061589428,1264221.160462792,1155449.1545575475,1285054.9036222252
2019-10-14,1223614.0998102382,1064157.0557581547,1631621.0112355817,1190461.8534515102,1264088.650202682,1155455.9996156313,1287868.9940706207
2019-10-15,1222767.7998488646,1063186.8043761519,1631330.525445467,1202247.964697802,1280163.486630088,1160805.393579977,1280178.0787876113
2019-10-16,1227203.328306415,1068682.7444461111,1631379.1059247646,1200317.3799942227,1276988.3772567064,1160512.099127626,1272909.9615631881
2019-10-17,1231237.0085268805,1073633.713486585,1631618.0716109406,1203856.8077207764,1280362.1471861866,1162441.8177769925,1275704.5533493913
2019-10-18,1232394.9602195125,1075537.9850268653,1629980.522843429,1198587.1097763088,1268057.772796059,1159718.8868245971,1269651.302239877
2019-10-21,1234791.2571273188,1074783.3085434174,1643183.966126329,1206712.6353410073,1279303.5327822375,1163160.9074321883,1282895.9352526318
2019-10-22,1234530.470668063,1074647.3793191123,1642512.0740963626,1202770.8285837723,1269116.177531875,1161584.569850864,1275288.4993434455
2019-10-23,1235584.2622136683,1076198.702071463,1641653.0507795168,1206270.1395652131,1271563.633649383,1163983.3998031835,1248718.7158030358
2019-10-24,1237416.1747231851,1078420.9971977172,1641856.4212500555,1208241.2448737556,1283934.1583354992,1165248.4107644567,1247779.482656892
2019-10-25,1236922.4124432567,1077887.7943285136,1641566.7628253617,1213189.0665176685,1294187.6638818507,1167450.2220110956,1306203.6847369808
2019-10-28,1241114.323764506,1073485.0062551263,1675824.282903344,1220027.2215000975,1306954.6710076316,1170403.2365678572,1333781.7982937682
2019-10-29,1240838.5204491836,1072984.0268544732,1676407.7893007798,1219665.0938344796,1296833.570887324,1170236.5318984769,1341321.9947762615
2019-10-30,1239851.2437702783,1071747.4402045792,1676469.7005436863,1223406.182246199,1303118.4780106314,1173722.9050073996,1331973.5931224986
2019-10-31,1239470.7813834194,1071216.7800498663,1676691.740569304,1220147.9755952868,1303713.5161723283,1173680.2386947982,1331831.5612388407
2019-11-01,1234823.3409106347,1065416.1388202151,1676920.6951692926,1231451.3397007214,1315554.523988337,1180332.9380698982,1334627.9740771188
2019-11-04,1241492.0180107332,1073457.686850212,1677592.8399902317,1236398.622864834,1323691.3248971226,1182007.5376950933,1341587.3547693978
2019-11-05,1246155.0124513737,1079156.034743978,1677816.948127363,1235031.1534122883,1324418.6636507965,1179460.2526569874,1338716.029697412
2019-11-06,1246567.2091604043,1079604.1898900215,1678041.0862029016,1235312.77834778,1321441.9003313137,1180336.3089535937,1339630.1517156314
2019-11-07,1242998.254100704,1075126.7577382834,1678265.2542208463,1239656.9641356962,1325874.4943328763,1180600.4060879785,1335749.0026488507
2019-11-08,1241415.8363725366,1073109.9092395157,1678489.4521851975,1242714.1832011926,1331166.3083438233,1182094.2131084783,1315867.8324239023
2019-11-11,1238961.263758676,1069894.8426075352,1679162.2257966967,1240340.698861969,1329380.2503521338,1180824.2494300585,1314376.5226817175
2019-11-12,1234980.9881336733,1064923.3964974293,1679386.543586684,1242955.4221516715,1333217.0723535332,1182824.702346839,1317105.16842623
2019-11-13,1236080.823887854,1066217.2666228134,1679610.8913430853,1243357.8011823527,1333547.8238334756,1183899.7015404108,1316896.6809305102
2019-11-14,1233173.7011205603,1062573.9047188412,1679835.2690699042,1245167.7664106928,1332489.10459546,1186284.873842693,1312527.0841721338
2019-11-15,1234174.5770485746,1063745.0878532277,1680059.6767711441,1254178.2835269799,1342279.9774061579,1191182.3332116497,1302878.2088150377
2019-11-18,1234181.2040482706,1063570.5175255754,1680733.0797614367,1255103.5264436314,1343338.1724738406,1192599.7434888736,1294913.533092172
2019-11-19,1233374.8213178758,1062516.8968649167,1680957.6074004094,1254741.3987780134,1345322.6813534957,1192732.1308176715,1290212.6139558952
2019-11-20,1232412.0635316353,1061271.2249801613,1681182.1650338299,1250075.3366895423,1337252.1355747653,1191213.7590601456,1281896.0540213757
2019-11-21,1229141.7511215513,1057187.3569510623,1681406.752665705,1248064.1146358866,1334275.4770893492,1189389.197092556,1263594.5095238753
2019-11-22,1229435.9942122046,1057488.371913364,1681631.3703000424,1250839.5741459413,1335135.4309371999,1191229.0425464632,1246542.6147564242
2019-11-25,1241625.4336759383,1072303.981811749,1682305.4032579109,1260533.8259885013,1350945.9806828517,1197232.8516581217,1239477.238811224
2019-11-26,1243520.6379048377,1074580.8093459469,1682530.1409421826,1263389.9228486323,1353525.3180560705,1199538.6831633039,1243351.9537835033
2019-11-27,1242410.6672122697,1073149.0377407782,1682754.908648962,1269021.479218818,1362985.2297186924,1202153.0943765792,1259657.4491800705
2019-11-29,1246149.8361973783,1077640.1931639418,1683204.5341460865,1264314.8965253837,1356767.2067298398,1198882.3559987098,1271509.3871607909
2019-12-02,1246653.7859417198,1078077.5773783436,1683879.1976608646,1253574.7822909327,1342875.5397381876,1192243.5898939513,1249987.5302264811
2019-12-03,1246067.3734460168,1077291.4032454344,1684104.1455869325,1245167.7664106921,1332357.1185056828,1189608.3458104103,1250010.041733091
2019-12-04,1246247.577300182,1077452.2910729311,1684329.123563594,1252851.0654394967,1339104.4486965102,1193212.5479735087,1246637.6896455272
2019-12-05,1244245.0922645957,1074917.371667553,1684554.1315948635,1255103.5264436307,1341750.4605360504,1193949.5678838245,1256876.1666768894
2019-12-06,1243793.8361479715,1074298.9082006405,1684779.169684756,1266567.761389368,1356105.494101822,1199814.8447259588,1261989.7266713094
2019-12-09,1249173.7440170955,1080751.9957241393,1685454.4643463294,1262585.16478727,1349953.516574891,1197807.173734894,1255026.2444510886
2019-12-10,1250701.3484094462,1082578.1811514217,1685679.6227108743,1261177.578589611,1348828.7518749535,1196835.6195172435,1248897.397119465
2019-12-11,1252615.4843516483,1084883.1034872688,1685904.811154125,1264757.5269211282,1355973.0886757786,1200150.2258980672,1245889.8104935656
2019-12-12,1250538.8249473942,1082251.5872039774,1686130.0296801,1275658.5119958816,1366094.3984642192,1204314.741078585,1247337.5996529814
2019-12-13,1250449.6727751556,1082079.4044696921,1686355.2782928178,1276422.6148323305,1370592.7234255038,1206676.8449794096,1248825.9061350524
2019-12-16,1254412.5002172273,1086793.766778372,1687031.204691623,1285191.758378189,1384352.2994933121,1210666.7032597759,1231684.9316393516
2019-12-17,1258189.2449593218,1091405.9503719562,1687256.57369151,1285473.6525535807,1385146.1030451744,1210868.935975791,1216238.1773743103
2019-12-18,1257063.3348536156,1089948.2339714204,1687481.9727982413,1285553.6168039069,1386204.2981128574,1209967.7514495223,1251313.5327472163
2019-12-19,1257611.4674896025,1090564.77945475,1687707.402015839,1290823.3147483745,1394870.0917214176,1213465.8515839989,1247615.191819567
2019-12-20,1256833.1747609463,1089538.180140167,1687932.8613483256,1296483.1413080692,1400493.1813826403,1216744.5835510504,1248561.8280598419
2019-12-23,1255431.0441546878,1087608.9336342947,1688609.420075352,1298463.5353931647,1404192.2514206027,1217513.083815494,1256277.6640189055
2019-12-24,1254634.1118092975,1086560.3783117617,1688834.99990763,1298503.2482784276,1404921.5820215407,1218142.908107952,1254699.3786266444
2019-12-26,1258155.385666044,1090793.5308150903,1689286.24998124,1305416.251953081,1417318.5248924259,1222467.7775021284,1250629.5422890028
2019-12-27,1261593.706445494,1094989.5799187282,1689511.9202306236,1305092.4909732256,1416125.5132151688,1222937.646574063,1253396.0753028123
2019-12-30,1260225.4873490862,1093102.714171957,1690189.1118774135,1297897.4585032302,1406844.2388019355,1218892.3810606652,1253966.9781707388
2019-12-31,1259124.5451606822,1091675.9277440922,1690414.9027393158,1301050.3923532078,1409495.8068470026,1219543.6119240494,1248957.1569100758
2020-01-02,1259017.3241325293,1091417.0445721915,1690866.5749567521,1313217.7472980237,1433030.6354495937,1227732.3289513292,1238356.2485778637
2020-01-03,1254807.9742040741,1086141.698782922,1691092.4563203454,1303273.6408281822,1419904.2571437038,1223592.682730986,1257586.6968937274
2020-01-06,1250381.2942337773,1080484.0385890529,1691770.2814789945,1308245.963303003,1429053.021296827,1226003.8770359338,1279624.3276368226
2020-01-07,1251558.4753303917,1081875.3639409654,1691996.2835679392,1304567.4731680541,1428854.0462385286,1223414.2176853118,1299235.423082924
2020-01-08,1252606.3256647422,1083107.4031172735,1692222.3158483023,1311519.9204880705,1439593.7721855051,1226762.1892269833,1295354.5238758333
2020-01-09,1256449.7113053417,1087792.9786066047,1692448.3783241168,1320413.0490079196,1451792.159334358,1232275.9857887756,1285818.4550729683
2020-01-10,1256376.6375165188,1087640.3213486322,1692674.4709994167,1316612.997058081,1448079.7753699445,1230978.3977136004,1300013.355003088
2020-01-13,1250428.0276166154,1080102.3098911936,1693352.930262574,1325668.2079977829,1464786.027380138,1235753.036502372,1299398.203276797
2020-01-14,1248127.2936085248,1077201.4113828058,1693579.1437761637,1323646.485588024,1459018.0570389533,1235060.2457221113,1332238.6045843582
2020-01-15,1249441.7332238783,1078760.3568405842,1693805.3875094159,1326638.0101178992,1459615.191881981,1237478.1699683156,1331423.5651226365
2020-01-16,1248394.8013458417,1077407.2885880587,1694031.6614663673,1337673.6151426968,1473603.201380786,1243654.5286463094,1327773.5583757998
2020-01-17,1244176.3830417097,1072467.772809879,1693072.661043881,1341836.8717177538,1480895.668717636,1245405.464837388,1337269.6197579284
2020-01-21,1246722.781129058,1076822.3954757315,1688599.2298318853,1339209.3595327975,1480232.6980808193,1245352.4118340332,1329598.226103756
2020-01-22,1248447.4863098299,1078909.2094600294,1688750.2759944927,1339371.4419526502,1484143.9522694645,1245706.4257110343,1326757.218211723
2020-01-23,1248869.8768932954,1079398.8692244405,1688866.4605671081,1340907.3209627008,1488917.1521532247,1247222.5161404873,1314301.5798076836
2020-01-24,1251553.2743824862,1083122.0466451442,1687369.8215441694,1328982.5511678634,1476387.6990222295,1241489.8872675525,1316249.897045531
2020-01-27,1256400.1805260472,1087616.3729975417,1692772.0296894235,1307679.8864130694,1445891.8884011968,1231077.1368897518,1338225.8573245518
2020-01-28,1253975.1969969675,1084045.9523072608,1694847.6588480552,1321383.1203679363,1468100.4612279553,1238386.0301751823,1358572.1587818942
2020-01-29,1253961.4883181013,1083988.7263943667,1694994.6600997876,1320291.6218129806,1470487.4280890683,1238901.698246336,1356871.8231098587
2020-01-30,1253791.954872405,1083674.9213715743,1695375.725635124,1324576.4402029274,1475724.83321948,1241357.3152768298,1365403.4305689875
2020-01-31,1254192.9086260286,1084626.027075418,1693711.0136015434,1300524.8360682374,1452322.6197110654,1229309.9854650355,1358704.9291776733
2020-02-03,1258397.1953928059,1086809.6894961745,1704641.3433028702,1310185.7021631864,1474265.9623494705,1234630.104684125,1356606.2034691458
2020-02-04,1256000.9518518124,1083908.4579129745,1704439.3018514256,1330154.6870728957,1508010.0565223317,1244279.6763317443,1351803.897389093
2020-02-05,1252804.5198523554,1079666.671884335,1705544.1424152015,1345515.3618527032,1512982.3362984564,1252158.8188883627,1371032.9570752282
2020-02-06,1252576.7530621644,1079294.815195049,1705881.1983267453,1350042.630772679,1526042.4594742912,1254994.8393459995,1376140.3898851036
2020-02-07,1252250.1939306613,1079440.1008535959,1703862.9245978866,1342847.4636827337,1519479.1130702465,1252436.3210257574,1379075.509258546
2020-02-10,1253675.0566443603,1077182.15493752,1718669.7021557484,1352872.4767425514,1537842.8965065477,1258616.3746255757,1382217.2073348518
2020-02-11,1255744.7458690053,1079054.2391546362,1721157.9669201719,1355216.8831725658,1538108.0218608344,1259308.5687465728,1397139.2371607742
2020-02-12,1254705.6859556972,1077486.854213567,1722244.2636766373,1363948.6023723122,1553090.8018170642,1263647.536092825,1402107.411716659
2020-02-13,1254979.4593326563,1077769.7479798475,1722441.8197433283,1362493.0914724378,1551101.8899066143,1263192.8913342648,1397689.4487735846
2020-02-14,1256979.1651195444,1080793.8600875188,1720313.389556843,1364676.0885823492,1555543.6044719657,1264938.4278033099,1401832.2888895972
2020-02-18,1244622.7612292909,1083019.6615615624,1655403.1661219448,1361159.2770074029,1556140.3199787273,1263646.6538549708,1396031.5058012786
2020-02-19,1246437.653289995,1085531.856700218,1654489.6692392146,1367667.6131122243,1571056.5303027022,1267139.170552278,1375159.2423708453
2020-02-20,1244290.224920507,1082805.5998034347,1654683.5811717897,1362048.4417774426,1556471.7004630691,1265167.4813498028,1374221.022725996
2020-02-21,1243171.695024785,1081882.9493495217,1653015.2995834106,1348021.3122227702,1526572.7101828645,1258364.8528116166,1377694.7718923208
2020-02-24,1240499.0005368805,1077734.4295862084,1655918.7858708561,1303313.7575732968,1467702.6159454256,1234945.1969508242,1376748.8066223268
2020-02-25,1239395.714894342,1076839.632993595,1654217.557540007,1263820.841308723,1427793.4399873158,1213349.5973076408,1363675.1361505326
2020-02-26,1234964.0697454873,1071571.4100090445,1653384.7163652764,1259172.0105738577,1435152.267288287,1210167.386987014,1340978.436542302
2020-02-27,1232197.7261059245,1068083.5572009222,1653596.389383429,1202620.7273394736,1363288.3050050684,1177641.0250828152,1339460.6258175746
2020-02-28,1231269.3344458109,1067363.8984842459,1652043.143071731,1197567.9021345265,1364349.2257584815,1178142.7387826438,1334460.7634207436
2020-03-02,1225937.2753533379,1063676.194794018,1641437.439340475,1249430.3725088823,1434754.1075035576,1208588.9790280485,1344058.0009312024
2020-03-03,1225165.4757816189,1062824.545914192,1641059.4004543496,1213655.7938844706,1388745.5807199213,1191120.0860505279,1340461.2295782904
2020-03-04,1227225.35785419,1065327.3853644123,1641239.2784548185,1264669.7547136997,1446687.1596299906,1220792.6675207296,1339097.5127624082
2020-03-05,1228813.343596437,1067190.0719083701,1641622.4502555632,1222629.8289942958,1402734.1143890591,1197950.9488534566,1354067.1015848424
2020-03-06,1228601.0990791044,1067362.8825633281,1640057.0290387818,1202418.5281745074,1379066.670692291,1189591.3262543567,1356152.7591273487
2020-03-09,1213487.3703328138,1066279.5224859929,1577048.265157374,1108516.1320807477,1283270.6635283506,1133245.2807381134,1301740.8298425185
2020-03-10,1211327.5353511262,1063545.2397050222,1577127.9941896661,1165876.6158348457,1353145.5042329864,1163307.54583799,1301176.7464902846
2020-03-11,1209951.04701328,1061793.9365541202,1577213.7838671447,1109041.8229856691,1294209.1548654921,1122644.556176578,1301382.353050456
2020-03-12,1212085.1589546716,1064979.3183637825,1575446.25419028,1002931.6186521049,1175541.3945698435,1040230.5040763968,1156388.7037496446
2020-03-13,1212878.5789362122,1065947.6511074798,1575541.3888706358,1088668.5743659781,1275116.0408282524,1100122.0863120263,1197877.287053539
2020-03-16,1214518.7472475404,1071411.0016908946,1563803.9477303503,969542.505542471,1122372.9107094675,1035250.8483207421,1162782.4749779338
2020-03-17,1213678.0862061947,1070184.2790315198,1564373.6711651396,1021890.1462167851,1207495.34222242,1058083.2618102152,1177579.921376711
2020-03-18,1213698.811751332,1070147.0706099924,1564589.6298614081,970148.8337974688,1170767.9850179504,1009817.9540394936,1178555.9861485867
2020-03-19,1218770.9371016896,1077182.9406946518,1562382.4695045417,972210.2017825157,1177795.43183458,1020126.2656312828,1242972.0609156734
2020-03-20,1220688.0935184415,1079635.3326820186,1562274.9471751116,930313.6463099085,1131654.1851227006,997794.3240771558,1243545.1609824612
2020-03-23,1220778.564599993,1080095.2319807047,1561105.612608918,906527.2434768048,1132471.2618373353,991954.6252741269,1258515.4157971803
2020-03-24,1223807.6491359037,1083751.2940268745,1561687.4460263487,988661.6347075535,1220167.1600157802,1049155.178882621,1277373.9076801604
2020-03-25,1223111.4728581016,1082814.8976387824,1561874.6502696672,1003462.0885652532,1211131.7214885897,1062865.3351960802,1274435.4961413136
2020-03-26,1219741.6108172678,1078489.5962082343,1562088.0699338492,1062053.9410024027,1274910.2515556288,1101398.4744159428,1276579.1818294295
2020-03-27,1219497.0949696223,1078122.5815093112,1562284.6210204824,1030420.0701114157,1231062.459717506,1083590.9068838698,1262634.9405804917
2020-03-30,1223641.882128221,1083172.9889688513,1562910.8173098338,1063883.6280534242,1275840.5490621293,1105117.6746263327,1262083.9239170956
2020-03-31,1224676.3970031312,1084419.1988603608,1563119.6051774381,1048025.9364180549,1264944.8300241372,1094049.6367320663,1262720.2987979783
2020-04-01,1226775.2983137562,1087012.1455970723,1563328.4209368282,1000859.8176209298,1211197.9766186448,1063020.8958181676,1272730.3745718189
2020-04-02,1224768.6471124159,1084409.8558582994,1563537.2645917302,1023954.9470105582,1235779.678209732,1078368.6828416123,1283647.7268585528
2020-04-03,1226985.5573215315,1087151.8446348407,1563746.1361458704,1009154.5604628338,1218239.9953705238,1069316.838546502,1280353.2324756405
2020-04-06,1234775.739042572,1096831.612721177,1564372.9182409937,1076935.6379999537,1305338.1297015417,1114493.1763737958,1311328.5148759822
2020-04-07,1235468.0977935926,1097647.4038890493,1564581.9014293626,1078033.5983125116,1304806.62098417,1115792.395604496,1306291.8649927743
2020-04-08,1239691.8367859381,1102945.370077984,1564790.91253561,1114221.392873583,1332510.490745035,1138689.6770238124,1315024.785962032
2020-04-09,1237421.5510256335,1100784.5307697274,1562391.9667092392,1131176.977511535,1334437.026385892,1154750.0066416194,1313425.9506622246
2020-04-13,1240284.0106914924,1104169.9908847986,1563227.008238551,1120849.1368740934,1348853.8072168573,1146257.519080323,1289277.751170827
2020-04-14,1241312.2672868052,1105414.5049355705,1563435.8383458205,1153906.075256994,1407516.9590069407,1166776.8359354956,1289250.8425681337
2020-04-15,1241070.0553250501,1105043.0817723805,1563644.6963505186,1129387.7437555017,1391372.9320956166,1153820.5418496614,1278048.2301515327
2020-04-16,1241693.1486265336,1105772.385913926,1563853.582256372,1134836.6208534779,1416751.3725924292,1157751.1386089094,1305569.379484915
2020-04-17,1241767.7454125376,1105803.9793058978,1564062.4960671081,1165494.2951767216,1430304.5303832146,1175964.825780337,1304556.6723640666
2020-04-20,1242228.3184272926,1106197.8220460278,1564689.404965892,1144961.118056378,1413363.4500639655,1162852.2700542342,1293317.3876059102
2020-04-21,1240487.9004698165,1103920.4422090033,1564898.4304334412,1110196.1890572954,1361210.8083083893,1141905.8265796732,1293346.1354572463
2020-04-22,1240325.8013291054,1103651.1637928262,1565107.4838245169,1134836.6208534776,1401604.1079857936,1157112.3565145622,1306825.7553923586
2020-04-23,1242129.981690123,1105881.367263816,1565316.5651428495,1134755.175783701,1398614.6597442594,1158168.956081767,1324162.8034165762
2020-04-24,1240166.1405596512,1103320.2979851188,1565525.6743921696,1150571.8083343068,1420671.3280085973,1167617.8669384792,1330765.6218806142
2020-04-27,1241803.8744343384,1105209.9070474869,1566153.1697633706,1167161.5632580146,1432098.3460958283,1175570.1125376164,1343996.919570544
2020-04-28,1247191.6569665214,1111996.8393275456,1566362.3907739588,1161794.400469715,1405125.4842809662,1174178.3172019524,1344715.1983909253
2020-04-29,1251968.630009867,1118017.677709935,1566571.6397341958,1192208.0088235291,1454952.3822702905,1192941.365237143,1396202.9017825776
2020-04-30,1251853.0365934786,1117806.2029783546,1566780.9166478156,1181108.3247025108,1454354.513588797,1185220.2461591621,1389552.3174524955
2020-05-01,1253624.750568133,1120275.7699943723,1566095.5258956458,1149840.2835257684,1413363.4500639653,1166418.4110949882,1399610.3685257444
2020-05-04,1259857.2964083422,1126447.7641402883,1571899.7991974987,1153011.5256889518,1429839.6961321638,1168747.9818144417,1402311.495341137
2020-05-05,1257367.2111581464,1123136.966595953,1572323.8042030742,1163664.6754356746,1446050.0830076095,1174867.3359189753,1406710.4287581842
2020-05-06,1260108.2135943938,1126503.049279736,1572753.7201416607,1155776.4848429032,1454952.3822702905,1168199.055198014,1419296.0873268126
2020-05-07,1260413.5108349242,1126769.3097622383,1573156.483767016,1169722.9770474995,1473687.4879702863,1178101.9752380394,1450793.3257831351
2020-05-08,1263661.9481030735,1131141.3456558879,1572428.4939676635,1189077.8257451085,1493884.190226022,1188546.9711349113,1446168.2359644184
2020-05-11,1257078.032718165,1131768.0412831265,1543203.6214542317,1189321.4878546877,1507237.8487881767,1187264.337447727,1390609.3482039084
2020-05-12,1259187.3946345148,1134256.4799594202,1543918.0501633333,1165616.5300913607,1475680.593243398,1174293.0229668603,1400569.3457215568
2020-05-13,1259730.9466495533,1134764.8643417633,1544524.9248405413,1145001.5040413905,1457211.1370680216,1162598.579140188,1422915.5597849847
2020-05-14,1261206.1913417808,1136556.5399064734,1544863.9587352793,1158704.4687563574,1473753.7431003416,1172382.6714892092,1444403.1753902459
2020-05-15,1260158.9237088114,1135482.0532713542,1543995.7531659503,1164030.7070798436,1483320.5855108376,1175896.549474985,1426485.3119572091
2020-05-18,1263438.0240226258,1135165.995978243,1558391.5730580452,1199486.5056625514,1510957.7808053812,1196703.89595184,1445052.4299008034
2020-05-19,1264125.0442693264,1135993.8114062157,1558564.5448335917,1187166.4916943854,1507171.2791559221,1189861.422882565,1445297.3318006236
2020-05-20,1264602.728379446,1136595.6911338982,1558600.9043180791,1207334.3102703097,1537266.9381449611,1203210.1125055947,1436249.2612152025
2020-05-21,1267229.4142224232,1139948.125143346,1558665.3580567702,1198999.1814433925,1520524.8328840102,1198595.1952761593,1416420.2350737336
2020-05-22,1266284.864572189,1139054.4438545199,1557643.9682583364,1201275.8740385345,1525773.7697617414,1200205.9997897954,1421269.7357258175
2020-05-26,1263782.451378528,1137564.480701365,1552104.9564702623,1216075.991346359,1521654.3151169424,1208301.289994299,1405796.0003188099
2020-05-27,1266881.8235780734,1141362.0977137971,1552703.0055175782,1234170.1242118073,1529958.640864063,1219789.3358459014,1422441.9958309783
2020-05-28,1265870.6948023003,1139947.5711987203,1553062.240829035,1231893.1623767652,1527965.850093151,1218106.7330880906,1438598.1788852923
2020-05-29,1263483.5959110882,1137219.6099003246,1551972.0131075473,1237382.4254597542,1550354.6326802964,1222650.5070659867,1434807.9323214155
2020-06-01,1272333.1854477955,1138042.5789030336,1585588.6728601283,1242383.5566038846,1555005.2815402676,1225340.6241506254,1468579.687001732
2020-06-02,1271480.9877559745,1137430.2750514424,1584039.190309378,1252670.8093263882,1565435.6421568764,1231845.8474791173,1441094.025551403
2020-06-03,1273970.1860508549,1140485.9033006597,1584446.8893599273,1269341.470840072,1572478.0802450217,1240465.582435413,1446986.357487395
2020-06-04,1277008.8191697465,1144293.969384414,1584699.7575193923,1266007.069297435,1561449.5364447196,1237028.2911306021,1453591.2193129081
2020-06-05,1276072.5136222274,1143482.7261569125,1583448.1641037804,1298454.515856512,1592408.818473938,1256347.8140535934,1447715.7442448814
2020-06-08,1279052.077286028,1146072.0093111885,1587403.9404219473,1314149.5865922282,1604765.8195654703,1266018.1150786015,1452884.1428620808
2020-06-09,1280218.9885075563,1147500.462429987,1587614.8099263061,1304350.3311886338,1616392.3368813323,1261003.104126055,1454099.9541143796
2020-06-10,1280544.5500816074,1147820.7360031102,1587926.6581925799,1297072.1035895112,1635791.7760610098,1258847.4780176552,1457548.9274573966
2020-06-11,1279656.9424521977,1146694.4244618963,1587893.4917747697,1222297.1830977367,1554739.6320156478,1214448.6549072734,1433393.8570366707
2020-06-12,1278582.8954795725,1145695.0003994824,1586680.2067574868,1236934.814125858,1567096.63310718,1223671.1760062755,1440865.5251056312
2020-06-15,1278009.6038555962,1145585.1408148375,1584660.161863734,1248482.7826805224,1586163.9579640501,1232149.0650606805,1439914.0583679522
2020-06-16,1277530.427692685,1144776.2860075547,1585290.3516479868,1272512.8476232057,1613402.5741375978,1245417.613823228,1444040.048351751
2020-06-17,1280373.5530774635,1148373.3371224354,1585427.665050355,1267227.399144583,1618518.1620826866,1241890.9318252036,1441551.2224745816
2020-06-18,1281218.9809256494,1149399.257139944,1585612.3155313658,1267715.2618435419,1622902.9517499055,1242684.61001922,1438565.1480188277
2020-06-19,1283157.2199884865,1152354.9788244066,1584094.003503784,1260470.4199920301,1622637.302225286,1238591.9909218727,1433021.9387150558
2020-06-22,1295822.7556910357,1165339.5134900857,1594570.4074590125,1268556.0980515159,1642097.1258272922,1243233.173888721,1450108.1939150612
2020-06-23,1294332.6234671301,1163353.2390256906,1594799.8729090088,1274396.3153442696,1656072.869740312,1246583.0958805368,1449384.4567120331
2020-06-24,1296424.3244790037,1166121.8151792227,1594534.9715813175,1241888.1551877228,1621931.8737915196,1227419.0453420584,1435249.241238792
2020-06-25,1296071.1298419386,1165612.7333336629,1594711.19053127,1255201.9336271128,1637371.6254438092,1235898.13093368,1433127.540876943
2020-06-26,1300026.44866407,1171438.7669029734,1592335.0453487427,1225389.1341103446,1598705.3621786304,1218872.6205829394,1428533.0444883376
2020-06-29,1293812.1955711085,1169094.4964980371,1574176.0356748437,1243399.1295070155,1616141.7834622944,1230034.4245285692,1430285.8229121866
2020-06-30,1295594.6710463094,1171455.5792392876,1573987.0551447843,1259326.8235164077,1647820.3320220627,1239904.9129189171,1427951.6796679534
2020-07-01,1297830.9859916118,1174189.1335922494,1574473.2269568713,1268147.795743033,1667054.0285425363,1245380.592267316,1432319.94070868
2020-07-02,1299862.8927719386,1176772.5971173425,1574606.899194952,1275131.87875131,1678367.825837901,1250086.6167947643,1427568.7500819415
2020-07-06,1306770.2473126862,1181288.9704387423,1588369.4173649605,1294816.1424666764,1719629.6757566128,1261622.9363381155,1440000.4354803176
2020-07-07,1309312.8064944788,1184746.6683509292,1587822.718076114,1281461.574182423,1707783.426237277,1254584.1650842275,1434458.4490088597
2020-07-08,1304636.8904478638,1178479.4260793515,1588519.6933453926,1291263.2527451182,1730277.986397564,1260172.1008490305,1442781.2061590601
2020-07-09,1306434.731444492,1180769.5462731528,1588613.6308806182,1283912.0611330718,1744852.752166809,1257188.4086475554,1436013.1815988377
2020-07-10,1303814.8729342993,1178140.762019936,1586247.0320196399,1297021.3518683452,1756765.885820599,1264296.775145252,1436186.4630782676
2020-07-13,1303339.8036057667,1178934.9384508915,1581800.8586187903,1285790.6825359343,1720628.0105722996,1257685.7511557958,1434959.5371044276
2020-07-14,1304580.8649040568,1180459.9563149968,1582047.236304322,1302453.4014725657,1732807.003418842,1268271.6048929407,1435075.0768397877
2020-07-15,1302847.6304442605,1178194.0238127853,1582126.8542738,1314418.9611122662,1736334.4600898738,1275305.2302441553,1432862.8594154553
2020-07-16,1301126.2875376644,1175928.215841142,1582258.5287147567,1310090.256618605,1724487.8960683385,1273129.1473366022,1430162.7435618227
2020-07-17,1297304.6885559137,1171742.574963015,1579908.6540210345,1313888.020029293,1726484.8802019125,1275858.052004211,1431196.8902169156
2020-07-20,1303682.5095698081,1177384.801551989,1588035.933367031,1324506.303208954,1775466.3962786354,1282602.8476561,1432202.8333453701
2020-07-21,1304147.769929808,1177390.0768602516,1589908.4673929976,1327324.5718631223,1756965.8043854958,1284542.070683736,1442213.2851241087
2020-07-22,1307086.4571664995,1180896.8604483947,1590801.1077918857,1334879.847319435,1763154.4738357167,1289360.6264470064,1449292.8055613795
2020-07-23,1307541.4150919064,1181373.5916079737,1591148.3183007848,1318952.5571698933,1717100.7635694006,1280735.839486552,1451971.184379013
2020-07-24,1307074.5269570153,1181521.9473013363,1588788.2285015,1310457.6344622741,1700795.5018637336,1275614.780230557,1450098.387938131
2020-07-27,1330609.5664638174,1186609.2429241613,1668731.3196236717,1320014.1700959394,1731143.1819487414,1280853.925107288,1515443.3516005182
2020-07-28,1330282.0678654315,1186311.8740555518,1668338.0328393725,1311642.0207827603,1709114.2947120378,1276323.6170573435,1512356.5657998023
2020-07-29,1330367.6214532058,1186260.532462354,1668864.155446376,1327773.6640164687,1728813.768990161,1286341.2968187523,1520299.4203202638
2020-07-30,1330977.1670371974,1186931.6273322164,1669210.0119946843,1323036.2533544744,1737865.1422954656,1283975.3068645962,1520883.116638472
2020-07-31,1328812.3679011036,1184685.6911656752,1667530.122954667,1333491.1079147821,1768877.9945326874,1290277.862442136,1529741.178655962
2020-08-03,1344158.496987463,1189191.146145096,1716445.5406048263,1342761.7107745542,1792770.3073021893,1295863.125141584,1527924.672302545
2020-08-04,1342608.469860076,1187163.7164623614,1716675.881128762,1347948.4828297948,1799425.8028507251,1299864.9298037523,1526418.6488849872
2020-08-05,1344012.0789661529,1188654.5686084128,1717627.8773151664,1356320.2282831238,1803884.815037056,1303709.2024359116,1548674.505789248
2020-08-06,1345320.4167482983,1190244.7301552615,1717839.7693638853,1365386.6126786792,1827776.498802159,1309680.6724530305,1550114.64837463
2020-08-07,1344331.914529418,1189420.0056155631,1716409.733537457,1366366.9151548988,1806679.90091922,1309631.451908965,1543220.758579903
2020-08-10,1359524.116243645,1203143.1716528086,1734830.2648605092,1370451.01519933,1798959.5009227423,1311497.5588664757,1554687.8682479023
2020-08-11,1361841.8850481142,1206459.8132624754,1733530.2123759422,1359138.0930774421,1764885.0746062049,1303551.09917077,1536473.0040231838
2020-08-12,1360720.5057556876,1204895.1714162556,1734017.8681609768,1378087.8703453692,1809274.544066154,1313404.2378627558,1543662.1519136322
2020-08-13,1360251.6945752047,1204176.2504044627,1734440.5940999205,1375596.458929907,1813401.4419296777,1310032.8513208278,1551769.4916411496
2020-08-14,1361326.6424798819,1205921.1684462503,1733145.0702993544,1375637.3833947203,1811271.2136975282,1309568.9147032704,1551311.496160924
2020-08-17,1363282.2864634525,1206689.779804412,1738868.857499946,1380007.550832995,1832301.975786678,1312774.2098059305,1570839.8808798182
2020-08-18,1359198.0222047647,1201667.065481627,1738392.224641259,1382988.7096267168,1849937.162460507,1315230.1431399852,1560866.4204537729
2020-08-19,1358980.1649621832,1201420.986389033,1738294.0827236709,1377230.3412635897,1837492.729757478,1311145.3478041422,1551915.6317159315
2020-08-20,1354115.8028968554,1195189.8122681314,1738590.354601904,1381518.6597722378,1862982.084696693,1314525.5482388076,1556815.7295594446
2020-08-21,1354886.0473342268,1196729.6339951302,1736660.3621560528,1386419.095193735,1875892.8193277041,1317855.3777911963,1545720.7086844903
2020-08-24,1355174.03002082,1193052.1836114961,1750369.1095143089,1400468.167800265,1887606.1392506638,1325645.9669532583,1553424.8427267098
2020-08-25,1355723.191833698,1194293.5318008002,1748483.942665567,1405368.7378417123,1902447.288382994,1327311.5359714765,1537403.6064268642
2020-08-26,1352758.997687965,1190446.4552517454,1748882.716307676,1419458.331053205,1943044.0709835582,1335206.1018256487,1542507.2266271266
2020-08-27,1348994.5274677135,1185669.5474404537,1749034.7684015713,1422561.7247615668,1936988.016627514,1335107.596480385,1536006.634052048
2020-08-28,1346250.8774235346,1182934.9612946317,1746589.6584946385,1431750.4786917123,1946837.3868473428,1341006.402304947,1545066.5765100496
2020-08-31,1348490.062567263,1179992.3797618523,1766407.7174047865,1426564.6489761218,1962476.952230463,1339272.9287869267,1551085.9819098946
2020-09-01,1347075.0009466344,1177298.85292065,1769637.2862264046,1440000.3930902516,1996019.0311570961,1347951.7929621947,1562770.0659968825
2020-09-02,1348709.9844420238,1179638.5143795866,1768590.896422756,1460828.926380991,2014919.5650140967,1360742.658250716,1541122.7258995227
2020-09-03,1346675.468652146,1177279.237350827,1767951.3138412936,1410555.106037103,1912762.5411945393,1332782.598519579,1493925.971879632
2020-09-04,1347394.7035901372,1178582.0152214442,1766533.779098579,1399038.638550749,1887273.8152597235,1323603.6369372455,1505724.3704224234
2020-09-08,1341431.9427639195,1186013.8364431409,1714550.1680280936,1360813.0344958885,1796563.6231659737,1302487.8645227482,1490014.2963168048
2020-09-09,1342342.3538684817,1187016.6894891479,1715046.1861180128,1387685.195823898,1849339.188944947,1317876.0400945204,1495043.516662738
2020-09-10,1343050.842766271,1187811.6316736354,1715383.548024005,1363589.7055854935,1812469.4670781125,1304190.62991092,1500472.7679905863
2020-09-11,1340762.8385444472,1185347.3749647366,1713946.3206562817,1364284.07528782,1799891.0564380419,1305206.8247695384,1502253.9661796563
2020-09-14,1346420.8267927032,1190092.232655691,1722021.13898664,1382253.2808396276,1831236.8616706035,1315565.4293159111,1514902.1992990763
2020-09-15,1346690.7221987664,1190389.201200551,1722169.1187695095,1389237.2292279543,1857191.2605290024,1319598.1246543222,1519984.4924767313
2020-09-16,1351226.2598642525,1195997.0526425363,1722572.4263330938,1383723.7345539571,1827576.4754031952,1316188.5725759745,1527642.2924698433
2020-09-17,1346950.2360709892,1190497.2708725245,1722884.7471396404,1371553.5525901897,1799025.7560527977,1309376.1006170067,1526702.9796087283
2020-09-18,1346248.6495694704,1190041.6696912514,1721431.8864200679,1355763.1709298426,1776065.418134861,1299711.994213591,1526661.507610798
2020-09-21,1346025.4591696067,1190539.4651832865,1718787.7611590421,1340674.293829174,1780324.6165903613,1291120.8754360003,1506955.010648638
2020-09-22,1345859.9418508215,1190175.2775779578,1719310.0634068984,1354328.122262375,1813401.4419296775,1299403.6079402105,1510388.6293193034
2020-09-23,1342872.1349334214,1186496.4199868958,1718987.5023798025,1322920.0763375869,1758029.8701609047,1280224.7062427914,1497963.1429529514
2020-09-24,1343612.6226123078,1187274.980682238,1719515.183462335,1326446.311309036,1766216.047915032,1282315.5346240143,1520641.5514587632
2020-09-25,1349162.0346157916,1194944.7233750354,1717269.7767974348,1347890.596251276,1807278.293771046,1294927.9387492486,1517928.3418343517
2020-09-28,1350534.9902015033,1193718.5534173518,1727223.9027779775,1370278.297803424,1844813.9216285604,1308271.1682526364,1519086.6463633438
2020-09-29,1350146.1766334933,1192939.0321180834,1728198.158251971,1362815.7754926914,1836494.9191121235,1304084.7178214595,1524972.832879567
2020-09-30,1352893.5680045083,1196362.5768713711,1728347.9125626786,1373148.3951383596,1849072.910415928,1309178.9762280958,1522577.9744190003
2020-10-01,1351314.6864155733,1194334.8411971019,1728459.688478116,1381964.2518068834,1878422.4653533818,1314941.7999188476,1515730.1819402392
2020-10-02,1349474.9591457213,1192702.450178443,1726128.0524503738,1368843.3837559063,1825580.2251080873,1306916.2994424226,1514010.2373513025
2020-10-05,1355235.0722485743,1198092.169090268,1732475.880971059,1393116.9761882187,1864512.662068218,1319136.663439136,1523748.3923671038
2020-10-06,1352646.1532567982,1195174.0857977574,1731289.8045003647,1373312.362237513,1831236.8616706035,1308333.9605841772,1515889.0788159263
2020-10-07,1349396.6591574287,1190972.3773496544,1731627.8069363872,1397217.3652466054,1862915.8295666382,1321642.3734468322,1518799.5763049845
2020-10-08,1348180.5204499941,1189318.5036257156,1732036.6230293182,1409600.246731442,1872831.4549165217,1329344.7970936755,1529478.1423005555
2020-10-09,1342887.050136565,1183113.2080836957,1730454.0294074828,1422188.154400195,1901449.0584013737,1336603.0856286031,1535874.8532803666
2020-10-12,1351605.5312461893,1186163.2452547885,1757525.7683515835,1445067.6226298534,1960147.7489400152,1350549.3476416413,1556559.6080577713
2020-10-13,1356300.0089323753,1192129.1866260096,1757247.6780299642,1435636.9566494792,1960080.6551374276,1345398.467275356,1551473.3554111528
2020-10-14,1359479.8157746666,1196052.8288440784,1757485.3104929526,1426616.477656889,1943709.9769742382,1340645.7519769797,1551765.388228181
2020-10-15,1357144.3297513628,1193039.9276217811,1757751.2743504115,1424853.6294110643,1930665.054738052,1339197.4284914488,1554592.3070920245
2020-10-16,1358937.8518434847,1196060.6124380159,1755109.9325907188,1423992.3309706834,1920084.1524018876,1338438.9894487555,1547709.707911084
2020-10-19,1362356.5142869845,1195717.9181368747,1771025.3852123732,1402342.8852245763,1888737.7181649269,1325594.2085796206,1565251.8051934238
2020-10-20,1363154.6102721079,1195819.040529017,1774134.248517876,1407960.1718800573,1892797.3125577297,1328329.806154043,1572368.5170679626
2020-10-21,1363158.4029017251,1191460.5692884496,1789238.7128746225,1405294.8314891388,1891333.4096525263,1326188.7496923392,1608433.3660232346
2020-10-22,1367557.8247524612,1196268.872310762,1791638.8430659077,1413003.4390685516,1891266.5255180718,1329605.5293907968,1613934.5593673221
2020-10-23,1361518.1764722385,1189504.4392227049,1788902.7205533949,1417800.8902282652,1894993.586251801,1333084.8175185267,1612802.6684012169
2020-10-26,1357532.5832184723,1186018.0957177868,1783536.1751763786,1391599.9439711743,1866576.0061659126,1319029.7508662716,1618651.4447124032
2020-10-27,1371923.200365323,1186936.2049183666,1843336.306522757,1386802.8966713105,1881150.8767692244,1317512.797668705,1640304.9268980923
2020-10-28,1361941.4434548856,1188167.5581828228,1794168.7795857715,1339402.9430209596,1807810.6411609503,1289734.1827121605,1626657.5731289121
2020-10-29,1364407.6419633392,1187959.355757684,1805731.9412999789,1353016.116229247,1839422.9345906638,1296678.719617857,1632935.6336716956
2020-10-30,1368217.6229831614,1191762.0326410555,1809052.6552380167,1338911.0417234993,1792770.3073021888,1287155.8690794555,1637048.8133533022
2020-11-02,1362614.221350983,1184547.0027963019,1809781.896707933,1353918.3391344415,1796763.2272286706,1296744.8596579323,1637736.5458616575
2020-11-03,1369855.7700969542,1185364.439460835,1838927.7946931692,1377822.6690437833,1827842.9636003468,1310260.6879655933,1652386.2768219027
2020-11-04,1373691.9446621672,1186443.9505946273,1852186.0496906664,1408616.3095165715,1909435.1079224707,1331319.913728132,1659058.0305831146
2020-11-05,1394798.2522202125,1184165.0622670706,1955347.8664810907,1436088.0681020764,1959216.1934247161,1347395.0750715248,1710138.938637732
2020-11-06,1393282.3658918003,1182692.4673892162,1953937.9731419235,1435760.2685237196,1960679.8866617866,1346023.5610685868,1709838.9014685173
2020-11-09,1391817.88930382,1185327.4735449224,1936112.2299836033,1453801.6303687505,1920616.2901236592,1353657.9649294296,1703334.7483318576
2020-11-10,1397560.991996037,1191797.6162542906,1938082.951445639,1451669.3849800057,1886208.9108117819,1351589.3488929518,1702113.8023387918
2020-11-11,1410084.6346236023,1199105.4145016586,1968245.0103155316,1462452.8468383711,1928401.8969095265,1357936.6596229838,1715979.382574085
2020-11-12,1412720.479398601,1195151.5370533608,1995652.3658680627,1448265.6541630963,1919351.152608621,1352304.9829744545,1734992.2806954395
2020-11-13,1416301.6150062038,1196482.0844223658,2007331.0582494333,1468316.6226223826,1936189.1810404581,1363630.3484668043,1736480.5192394527
2020-11-16,1428232.463969388,1208309.1062628806,2016835.2914535156,1486644.724961007,1951296.3990336743,1373796.750028062,1750032.1309509226
2020-11-17,1439993.3767418407,1208114.1553775333,2072953.949472166,1478649.5115079507,1945106.7860768544,1370485.1367183537,1779382.520412581
2020-11-18,1440355.6391849138,1206913.0657657504,2079501.0440172495,1460853.9656916999,1930732.1485406398,1360960.9816649314,1784346.9233525002
2020-11-19,1439232.9407087124,1206704.889468588,2074935.0238585752,1467004.4819693048,1945838.7375294561,1365414.2148718364,1784907.1714450235
2020-11-20,1450935.408400827,1205476.4357190616,2136101.7655042787,1456958.3335773302,1932529.0044411828,1360358.4998356851,1809244.128399107
2020-11-23,1461471.7356334247,1206486.4040201951,2183754.678389905,1465692.341316227,1932595.0499031048,1365113.539045454,1802258.264830058
2020-11-24,1464625.7515712716,1203293.3152546,2212949.5167368455,1489310.0653519258,1959747.7021420877,1377572.8002510353,1824312.3665127442
2020-11-25,1458285.7564388888,1203575.8792075678,2179805.984474813,1487014.1221039274,1971794.3943966534,1376112.2001475862,1813732.0188800194
2020-11-27,1436824.1408006367,1201205.551358863,2082958.378204716,1491155.3010071774,1989962.9768010518,1379344.0213006968,1766822.8393166957
2020-11-30,1476683.3315789225,1208254.479722606,2249404.6488591004,1484553.8078969254,1994022.151857589,1376426.576702869,1843128.3914295787
2020-12-01,1468301.0752389752,1209763.622715219,2200287.1985144974,1500790.9931714681,2019578.3909312587,1383717.2656438267,1820118.1029736074
2020-12-02,1473470.506744494,1210376.6577408975,2223507.3528753794,1503948.1002398974,2022173.663082592,1384853.530788777,1831848.8721415827
2020-12-03,1477608.1604606858,1210425.6533136324,2244110.1131862993,1503538.0478720637,2025035.4234310773,1385568.0244099016,1839012.4757615558
2020-12-04,1465899.2353808072,1209928.512911737,2186984.4834020836,1516494.814203937,2033287.5418130597,1391227.9793430502,1818029.3942814898
2020-12-07,1475529.6361957127,1214296.0160618178,2216344.8159611635,1513378.9008402214,2044801.257673322,1390364.6921961028,1832900.4871580265
2020-12-08,1466301.7163000694,1214835.1578361166,2167845.5177646773,1517806.8202370647,2051722.6124146103,1392852.5600490803,1808131.095549345
2020-12-09,1468387.9026625229,1212997.1720223026,2185779.52109071,1504193.9162686772,2005269.7988569657,1384553.1819746173,1815191.9096244418
2020-12-10,1464066.87948042,1211949.0636052836,2168746.082281109,1503702.014971217,2013322.3131762508,1385647.0380586898,1806881.7360349086
2020-12-11,1459798.8141481797,1210332.71644625,2154420.5100990874,1501939.1667253922,2008863.7203261857,1385283.5988096918,1800934.4696251566
2020-12-14,1476042.2622843585,1213400.146310763,2221829.4519389006,1495214.6309808004,2023438.3812613639,1381233.659279446,1836575.713875134
2020-12-15,1476042.9587708795,1211464.4123374454,2230103.396463178,1515428.8934394896,2045067.9555386065,1392765.47916581,1841626.3943462123
2020-12-16,1489370.3245891433,1205016.3873800386,2324919.000952482,1517806.8202370647,2056315.1832017165,1393840.8487239345,1895676.3266328017
2020-12-17,1497969.489037675,1203246.5845752568,2377630.9479314853,1526294.4734673817,2069757.845886366,1398493.7665467921,1935738.1241536941
2020-12-18,1496355.0915172906,1197636.4440675639,2394956.1742043337,1520200.497568795,2063502.6068038903,1394858.7087446458,1944393.6864381027
2020-12-21,1496013.4597763962,1203925.549193621,2363620.1074511907,1514764.8132259233,2059641.9874693854,1391866.204141825,1936877.8125642813
2020-12-22,1501318.1421743827,1200331.6224547601,2408020.7134960075,1512212.1497331911,2065243.0619766337,1391262.3930452573,1962029.744880638
2020-12-23,1491852.8166484274,1198474.9038655465,2366105.9817717206,1513571.0035089343,2054841.845230524,1391634.9526407442,1948807.029475891
2020-12-24,1502632.1905957272,1204234.0360213588,2396563.4872584683,1519459.0108839537,2063909.1533139432,1395402.7288028137,1961431.1474059285
2020-12-28,1546688.91580142,1217538.6235319753,2571114.325765267,1532512.7035798586,2084710.5384654973,1402690.146252167,2042974.7122675618
2020-12-29,1552349.460085672,1221922.0467242824,2580881.291928541,1529589.1621247558,2086577.4235224915,1401179.6325355368,2049448.1205775598
2020-12-30,1563579.6766303156,1222786.3590140434,2638858.196413241,1531771.351514967,2086644.3076569454,1402711.4623603479,2082862.0405945752
2020-12-31,1564654.6458138898,1224309.3646438234,2637236.5369406138,1539554.0000669037,2091777.8222274128,1407415.2839488683,2086539.951490647
2021-01-04,1607379.7720849095,1222994.2358939329,2888104.2031468893,1518594.2123248714,2062242.0819877791,1395204.1875380287,2151375.488584418
2021-01-05,1620253.4756936566,1220536.961767213,2978748.1558297183,1529053.6439634808,2079243.8612315566,1400402.649596835,2192364.5407788623
2021-01-06,1642147.428911565,1220787.3477691212,3111491.805409586,1538194.8770512606,2050440.9111170569,1402670.7632232527,2247363.7906869124
2021-01-07,1655457.64015364,1221518.7309726812,3191208.160963773,1561048.7674904105,2100045.8753875103,1414600.9429696668,2294200.543160091
2021-01-08,1669032.3369915232,1229106.0644655065,3232183.1763528474,1569943.3768297099,2127047.776238805,1418761.3863061348,2319353.428744963
2021-01-11,1639208.634010588,1226934.8965407999,3054065.323206669,1559360.49869691,2096312.5246097888,1412102.1974182783,2228353.881007867
2021-01-12,1630950.8652875551,1228716.499893424,2992433.172638438,1559689.6444747674,2092978.8012937277,1412764.3098580295,2197667.580096744
2021-01-13,1655254.735479,1232372.6822432445,3120297.1406940827,1563890.1907759865,2107112.530145027,1416834.4304018419,2263824.540916802
2021-01-14,1667213.965596718,1231303.7116180868,3201759.7246953337,1558413.1781084512,2095845.1743411408,1412746.4838835325,2298087.3474332565
2021-01-15,1653101.9280947058,1229217.1691092767,3124082.504069074,1547048.1580658965,2079243.861231557,1407143.7302383562,2256748.054872553
2021-01-19,1654705.9171290922,1224876.6649093411,3160083.0198123464,1559195.7238780563,2109579.9047351787,1414541.2179690744,2243880.386546188
2021-01-20,1650754.420182948,1222206.6973702274,3151001.0842104363,1580772.74409104,2158650.4249343965,1426334.7540534656,2234347.206737376
2021-01-21,1626338.304720736,1221506.2280932544,2999861.216242168,1582213.9852762097,2175918.902043459,1426288.784371355,2145515.0590961347
2021-01-22,1639418.6806193485,1222040.6157579345,3077223.641654159,1576614.1992142342,2169651.5022092643,1423260.0238638388,2191236.3806266733
2021-01-25,1641061.5564450629,1222314.4270857703,3085644.513248212,1582832.025466861,2187586.5143134054,1428084.7217665934,2179228.907604701
2021-01-26,1637893.1886942743,1217196.2462048535,3095934.3026288357,1580361.0762838053,2190786.2596924244,1426552.5251245804,2183542.320481975
2021-01-27,1626242.7237694869,1214761.8537124437,3036976.5703979796,1541736.4586970147,2129714.7548916535,1405681.716263542,2140759.902747205
2021-01-28,1642576.144433144,1220110.558669267,3107449.5342284823,1554995.581436687,2142316.2290263637,1412552.4656085118,2204978.1026778724
2021-01-29,1640708.6444064432,1213873.9007166226,3132735.3942417605,1523865.3910887893,2097244.91879762,1394959.988987455,2221991.1736834235
2021-02-01,1638127.2368741015,1213683.727281913,3117286.895035251,1549230.6166960078,2149650.000985431,1409425.093358426,2207662.719090764
2021-02-02,1646454.008700784,1211667.0781395286,3182191.093929049,1571137.0519267486,2184719.512261593,1420517.3695806116,2246834.5962858717
2021-02-03,1656184.2653187888,1211916.807393845,3243348.0679141865,1572372.3245883512,2176052.0413079676,1420508.005724799,2284283.2780582826
2021-02-04,1653530.8066479082,1212336.5992344106,3223405.5583105087,1590243.6614364765,2201787.336967292,1429951.9736205188,2274511.2771602278
2021-02-05,1660214.1702949882,1212522.7009916238,3265679.6584902247,1596502.6813938166,2209255.0868634013,1432594.5784856572,2297235.7573977914
2021-02-08,1678278.7223976904,1205106.4289433968,3431012.9504753654,1608032.7454951252,2224055.9797141794,1439391.7795383248,2441727.637595018
2021-02-09,1678454.6263251011,1203888.6212925047,3440301.729064255,1606961.978412476,2223589.2584499307,1439062.9446909844,2446469.3983559594
2021-02-10,1674983.0035701788,1205003.7075895225,3409147.380901791,1606261.9546722479,2218522.4183457843,1439228.5963584662,2422019.497101913
2021-02-11,1686235.7545410825,1207366.2644421624,3469894.898627752,1608856.2157295437,2230723.216678168,1439934.4671686848,2470631.4230802795
2021-02-12,1689958.9268129184,1210506.3144311165,3474376.360695277,1616803.5044803843,2243191.341880236,1442871.1273474176,2464604.8741746554
2021-02-16,1702363.4849037481,1220553.3693015769,3491998.1212993306,1615403.1877600278,2237123.755776872,1439398.7368920608,2492151.0502825263
2021-02-17,1715281.842441874,1225232.01892665,3549094.96390335,1615774.0657223987,2226389.5860354216,1440737.925284898,2537199.4230322065
2021-02-18,1715664.8437275207,1225225.395224291,3551781.296664649,1608897.409434257,2216655.113952524,1436761.630720373,2530588.143542679
2021-02-19,1725158.9362533514,1225131.6292113024,3617931.3229752574,1606056.1207686309,2206987.9453403465,1433458.6862223675,2592645.25826222
2021-02-22,1717707.377142673,1225423.6001291296,3563393.0838400624,1593702.586432904,2149783.14024994,1425061.2599050533,2570856.7172921053
2021-02-23,1699036.0628150275,1224237.8835676003,3442325.7833182565,1595638.152074635,2143382.6011512363,1426247.8282049587,2494509.7713414473
2021-02-24,1702257.114759196,1223548.42652864,3468602.571953252,1613220.8637498666,2161051.125058226,1435480.0066944466,2508245.067097392
2021-02-25,1686895.1122590376,1218660.3677738826,3396594.383051242,1574349.0839347953,2085711.0747965812,1409455.4266978109,2468945.2306787614
2021-02-26,1681867.3432225408,1216384.445710926,3377650.5046193874,1566237.020365101,2094445.0105483944,1409680.8844798265,2457315.919113503
2021-03-01,1699464.850902195,1223354.7466218697,3449728.493757139,1604202.9425363268,2157450.2845406136,1429889.5940548251,2511670.897456075
2021-03-02,1695284.8206613143,1223548.0170948198,3420173.469389715,1591685.1718615463,2122847.0751924342,1423294.6025520475,2492894.0572691294
2021-03-03,1701936.3066499678,1223408.017864049,3465817.0037061498,1570601.8030053736,2061241.9649929604,1409905.5402794466,2526506.0728396014
2021-03-04,1695136.6885326093,1221306.3279427232,3433553.755518426,1551166.047717788,2027505.9430432231,1397814.609652191,2497090.984438177
2021-03-05,1697264.0090806887,1222973.0342184515,3436983.545746061,1579702.3808682403,2058042.0099458082,1412852.5285331125,2502972.689666756
2021-03-08,1722887.9140234955,1230749.355190432,3559594.664905324,1571837.3449068766,1999770.2037261291,1406406.497276056,2554135.0120959166
2021-03-09,1730446.8674863677,1231091.334642031,3609344.3898461806,1594279.163678942,2078643.5813665318,1420579.5957940475,2592176.499476679
2021-03-10,1727207.348094828,1226924.6001452482,3615325.5451694136,1604202.9425363266,2072710.182868343,1426830.145710123,2609219.503984605
2021-03-11,1729931.2424710277,1224724.3244544712,3649458.789534071,1620468.3980003789,2120447.2137411367,1435460.38714246,2634572.055307578
2021-03-12,1723388.0864468152,1220699.1841682498,3631433.82615414,1622650.7220105403,2103246.0401027948,1433359.1124699302,2628350.646155241
2021-03-15,1723842.8833426451,1223024.393211039,3616612.172818556,1632327.2040196946,2125714.2869123793,1439092.11233971,2611746.6032822267
2021-03-16,1722384.973107483,1218815.188559906,3635459.694613881,1630268.5957436233,2137381.899182326,1437801.2699105865,2624571.8956789207
2021-03-17,1730264.197408586,1221244.1417039712,3673990.535211178,1635827.4573407853,2146182.928736727,1440692.299318962,2653454.000335244
2021-03-18,1730973.7747555817,1225530.3879059502,3648925.1209092964,1612026.919412927,2080443.7919572045,1425888.2894390516,2640018.512520897
2021-03-19,1732549.7754581089,1224867.5154206296,3664604.441829407,1609044.0105598548,2087777.9832525386,1424757.6797384562,2646941.716655566
2021-03-22,1716895.263090594,1223952.7816473837,3560863.993155975,1621892.0039720929,2126930.362084276,1432688.3472749,2595306.832644979
2021-03-23,1719406.7481961772,1226350.1692455194,3561952.410980441,1609126.5325892319,2117651.0795183075,1427383.7865563584,2598545.1574092717
2021-03-24,1714605.4497940347,1230414.7134613635,3501251.3360633515,1600946.7551846656,2081937.048401041,1423731.2682931668,2570808.208781496
2021-03-25,1715648.2176357014,1234585.814048651,3480654.3009874728,1609952.9644625513,2078331.175848235,1428237.6349021245,2555410.103136189
2021-03-26,1734254.5827107334,1238687.490604182,3579498.8092277944,1635897.0558549582,2109507.3595611304,1441095.6231104974,2606552.777179782
2021-03-29,1749798.395108473,1241530.1802818505,3667142.992113697,1635070.8932215387,2108906.241023574,1439697.5717107551,2644091.0076265694
2021-03-30,1754283.1832736845,1241569.1514312236,3698204.410001231,1630733.3038111748,2098292.2111223824,1437861.6480049756,2660374.340503555
2021-03-31,1758452.734138686,1242989.0117333354,3717635.542877192,1637343.2779782796,2130402.047031908,1441459.7149149792,2660638.569597686
2021-04-01,1760402.0577398825,1242244.4420766218,3736568.91067917,1655025.0699367432,2166717.616022997,1452737.5331229207,2663284.9282577056
2021-04-05,1769857.287005161,1247342.8706838095,3766746.5140728247,1678779.9717015366,2209975.7162368167,1464076.3405010449,2664150.6312178876
2021-04-06,1769754.4071847734,1249867.2568554732,3748229.231518885,1677788.2265295633,2208439.6874938314,1465615.8202771633,2652686.46788951
2021-04-07,1757191.7910944195,1251000.804772692,3651607.8480932103,1679729.9846889963,2213780.9831841867,1465709.4441218248,2623622.2962463163
2021-04-08,1774065.4960373247,1254347.9486405945,3745694.6044604513,1687703.3897101453,2236878.863397428,1471323.556591353,2655815.3351736483
2021-04-09,1776846.9481046128,1258129.9780249961,3738917.9641949604,1699973.0558169947,2250429.9245068827,1477072.3795820887,2654985.1871190704
2021-04-12,1778784.320644875,1250700.6551795173,3804287.9890951337,1700592.9806869465,2247493.102966753,1477240.2342122472,2678271.881965859
2021-04-13,1798027.3171387755,1249721.7972644123,3948418.6882341662,1705633.0169966395,2273728.2474553534,1481575.2148956382,2726951.192377772
2021-04-14,1799478.2405149867,1247095.2543973937,3978402.2472858285,1699807.8771382908,2246425.2631649477,1478073.1639777229,2722133.547876138
2021-04-15,1804498.8272652414,1248162.1366175788,4007460.204974986,1718067.861782193,2280470.545610986,1489926.083994047,2725031.9573198594
2021-04-16,1799246.4411327047,1252330.1313263564,3937353.278564229,1723810.344991215,2283141.0886220974,1491357.2917008058,2702804.140235644
2021-04-19,1764271.6031421425,1255538.160922556,3662869.330566205,1715341.269314004,2262245.7721469207,1486492.2381162145,2625495.8279941035
2021-04-20,1775045.6984058183,1254571.6553923402,3744010.1785889524,1702782.5741744104,2245757.260492937,1480897.3396551476,2636324.9617545996
2021-04-21,1761297.3650693472,1251154.6888174934,3671141.60659296,1718894.2936555124,2264983.1992924865,1489873.2326567594,2600621.8088353137
2021-04-22,1753847.282134604,1252347.030864217,3611216.595776894,1703195.588181145,2237680.2150020814,1481864.5932726911,2569837.3969979007
2021-04-23,1750313.4392704086,1254129.1290031346,3574971.8529588208,1721662.3490683148,2265850.5963590615,1491401.7096895885,2560119.2154178447
2021-04-26,1744470.4425819165,1254213.827068317,3534367.701589296,1725256.2978746362,2280604.3138798955,1492749.8543167913,2606875.741072557
2021-04-27,1743128.5340891907,1251769.894721727,3541374.8038656944,1724884.6121925649,2270723.91277637,1491098.5994804339,2621760.8313187775
2021-04-28,1744400.3906873474,1252777.9166729585,3543333.72737587,1724389.0761564535,2263047.333419707,1491154.4803799721,2619027.363795777
2021-04-29,1746726.5335946325,1255641.4195044201,3540185.895290264,1735377.9680585854,2271191.472713151,1496543.27295185,2601077.3708815393
2021-04-30,1746962.1846513988,1254102.2184123332,3551903.79358138,1723975.6582898686,2256305.0352640743,1491271.6780227527,2662444.7006125604
2021-05-03,1770316.0774547497,1265063.3127170973,3637679.5793921235,1727693.8613100809,2244288.5352206733,1493582.2291937985,2655709.5050307238
2021-05-04,1755175.0097925148,1263276.285523658,3545962.4137622965,1717035.1921454065,2203900.791748795,1488784.6388057782,2602099.8615668626
2021-05-05,1776502.8633808554,1268101.0271834482,3657990.6065227166,1717572.3257460818,2196490.7005892848,1489532.395623622,2662214.3801102643
2021-05-06,1773550.230034693,1268390.0711109487,3635779.2594918218,1731288.2139762528,2213046.725382122,1496773.2636761025,2648172.768122461
2021-05-07,1776076.4707378927,1268443.2105356802,3652686.493321026,1743888.5066804104,2231003.7526402376,1503152.46103867,2661942.229095205
2021-05-10,1790569.3637594033,1278978.2437475,3680624.051506294,1726619.7287286813,2174661.731917478,1493277.1514403445,2642331.0229363823
2021-05-11,1797329.498241614,1280487.9874251792,3716805.9341818416,1711210.0522870582,2171658.026242894,1483976.0703259527,2654566.241949802
2021-05-12,1772079.2715018513,1279025.4258397033,3552656.7548284023,1674854.8578181074,2115448.5157802445,1462979.8942258167,2548724.1091125407
2021-05-13,1770541.3318276785,1277765.1828054187,3550547.0403783037,1694974.3478319657,2131804.097837852,1474861.8002609303,2557762.15760287
2021-05-14,1778567.229144756,1279851.6879456297,3590667.815808128,1721001.4997335498,2178867.0456627756,1489795.1957611905,2560537.8510449477
2021-05-17,1772415.392002884,1288919.1834550817,3490536.6769149858,1716622.0435187223,2165649.147216794,1486999.0498919736,2461020.842646562
2021-05-18,1776207.5721915327,1292797.8259331977,3490921.804024308,1701832.157327101,2151029.1979648694,1478582.889265122,2450599.5411954504
2021-05-19,1779550.1846768411,1296676.2194109973,3488383.6906631896,1697370.5829427468,2153499.507908884,1475427.5370584007,2349622.941336207
2021-05-20,1780682.1697837538,1297675.699445694,3489506.326426914,1715630.4329666991,2195156.3725903286,1486971.5559777461,2421856.3321689186
2021-05-21,1777964.2496568658,1295080.3480468024,3488036.820123323,1714225.9430278915,2183006.313946152,1486501.5156602536,2360120.3416707045
2021-05-24,1773394.268052675,1293132.318624288,3470388.5680641606,1731701.0933630378,2219721.929735169,1496165.8308930523,2391429.9792611343
2021-05-25,1771288.8140449084,1290856.7661364956,3470904.031966575,1727859.1746087356,2222793.1485486063,1495638.212315959,2386023.349421135
2021-05-26,1775702.2003499707,1295295.253331485,3471884.4635678544,1731288.2139762533,2230536.8217078564,1497210.7335275395,2402872.673108824
2021-05-27,1778015.5905756648,1297656.7449196319,3472192.4436290553,1732197.4371188497,2222192.03001105,1496951.3927143721,2387371.2665086654
2021-05-28,1783599.9373341117,1303686.920778951,3470894.9294075463,1735295.5806491596,2229201.8647045004,1498557.8274682213,2336550.865899753
2021-06-01,1785637.0302209326,1308121.2097449547,3456414.0612096842,1733767.2403563114,2221791.354208723,1497488.1835188847,2357680.407957185
2021-06-02,1786756.8303091975,1309163.7202977464,3457211.8981841546,1736493.2943446997,2226130.4362229295,1499686.7216418306,2375065.4306690595
2021-06-03,1784758.2398417464,1307896.3725849385,3452130.76097054,1730048.4988562989,2202966.3008796335,1494932.3173617257,2406264.4143888317
2021-06-04,1784903.7362322968,1308258.959964919,3450835.763338467,1745871.458544557,2240350.338676927,1505596.7296925343,2363879.361581035
2021-06-07,1782114.92575513,1310187.2958095653,3420875.0597909125,1744177.5357131546,2247025.543029973,1504300.1133378877,2299715.379270275
2021-06-08,1779742.9993315141,1307686.6961426341,3420932.595973111,1744549.4906351257,2248093.802168044,1505595.1938676403,2298119.8706211187
2021-06-09,1781041.5462293357,1308767.3591329907,3422656.187819717,1741946.7485209773,2248627.6172348796,1505454.058245035,2378096.4309652178
2021-06-10,1784157.2275584007,1311984.8846656845,3422980.785870906,1750043.8692762167,2272059.2891159924,1510908.9210452803,2366044.2556716832
2021-06-11,1784196.484202614,1312266.6658697957,3421516.4414536026,1752935.7750430594,2278000.864671372,1512144.951092534,2378484.2796498723
2021-06-14,1786955.1344721916,1314614.6923133498,3424477.505943153,1756860.6196865889,2299830.043011312,1512654.1359648714,2436005.085110928
2021-06-15,1785672.30428902,1313104.1698984664,3425464.0977302263,1753637.9527024883,2284809.627625194,1511252.4024236975,2439645.228495998
2021-06-16,1787978.5510174443,1315618.5284967914,3424906.366860265,1743847.312975697,2276465.0455965204,1504245.1473030783,2402574.1938854665
2021-06-17,1789065.7425021178,1316690.6529067778,3425335.7579405783,1743268.7164304086,2305370.5234280988,1505835.4151308814,2397281.1303128763
2021-06-18,1781247.044784957,1308652.117871908,3424231.7168673724,1719751.4188774426,2287279.3085648087,1495270.580860896,2354674.634223354
2021-06-21,1782171.9489082927,1311760.7546176084,3411179.4162281672,1744371.388441218,2301495.2273242776,1506558.0881742407,2274048.9377716426
2021-06-22,1783726.841830033,1313173.482777462,3412527.8683488364,1753697.185480508,2322949.0997059946,1512019.6339034114,2292114.883485421
2021-06-23,1785120.9879190153,1314490.648155544,3413431.776204161,1751583.383024919,2324085.2913191854,1510610.9383913528,2318081.7744847857
2021-06-24,1780353.4312489687,1310319.8875814267,3408315.246260067,1761945.2151997467,2338454.2678158074,1516182.7706385427,2337670.733098066
2021-06-25,1784143.2620150207,1314250.8472441707,3408641.2600285765,1768203.8312972365,2335580.346715603,1518202.0189212821,2276693.508428327
2021-06-28,1790748.7866605325,1320976.163561302,3410007.5146021936,1771768.1637145483,2363984.9273772403,1521783.238216141,2337366.197582002
2021-06-29,1786196.5239195204,1316103.3148473375,3410463.05447664,1772721.811440659,2372540.0162115316,1522591.6596101031,2366774.9148982437
2021-06-30,1789477.853950288,1319481.8873942848,3410918.6552062538,1774213.4004871454,2368797.020699688,1523783.1144869563,2350626.2449590983
2021-07-01,1798461.4366314465,1328869.3393015964,3411374.3167991643,1784036.7528617976,2369732.5599095155,1528506.3760382987,2321288.4678899855
2021-07-02,1801242.1902668807,1331728.5118107991,3411830.039263502,1797673.3499413927,2396934.2744916407,1536844.381506526,2328245.554701711
2021-07-06,1810148.0510700273,1340831.392802982,3413653.537997779,1794398.8542765253,2407293.3479430005,1537136.623242389,2336801.369142806
2021-07-07,1806764.3970503425,1337174.0913995118,3414109.5649412517,1800740.1270233423,2412372.9778032647,1541458.2450817397,2329241.278512824
2021-07-08,1806624.5052054774,1336949.630576012,3414565.6528049586,1786067.6294281594,2397802.719898881,1534613.881103272,2309274.104177866
2021-07-09,1808032.276551377,1338361.355194143,3415021.8015970383,1805133.5837129748,2412773.6536055915,1542432.9945408404,2328889.5166109577
2021-07-12,1814954.1038036218,1345454.1030989129,3416390.6136249113,1811599.6491534822,2422197.3975152564,1545374.7207227238,2316553.8102360363
2021-07-13,1813064.0700270778,1343375.4841643693,3416847.0062118857,1805423.689705319,2422197.3975152564,1540876.9373865111,2307258.0540542593
2021-07-14,1809501.1033976618,1339527.2126675467,3417303.4597679405,1808117.7041455973,2426541.5115646566,1544340.1929582914,2310020.575668165
2021-07-15,1810222.7831621277,1340213.722849421,3417759.97430122,1801942.4177971845,2409499.056703061,1542509.7565911014,2288244.040619606
2021-07-16,1808500.1679255557,1338315.0598149041,3418216.5498198704,1787808.5346221272,2389983.356543587,1534718.4904366832,2280699.378761158
2021-07-19,1800394.501342905,1329522.1468225913,3419586.642369523,1761406.3315397208,2370400.9819177925,1524350.7453467802,2268353.0325168283
2021-07-20,1795081.9402012704,1323841.5680561713,3420043.461911138,1786648.110652749,2397936.6978359227,1536881.7616604373,2246252.076880698
2021-07-21,1791371.8049504685,1319856.9749541818,3420500.34247887,1801113.158904914,2416449.5553148477,1542340.7585139852,2298535.4817284974
2021-07-22,1786767.526619131,1314935.1726785584,3420957.284080871,1804884.9406652434,2432423.751038373,1545714.296199382,2303097.119316626
2021-07-23,1787857.7959479426,1316006.1201101623,3421414.2867252943,1823453.7434745461,2460827.7026956105,1554830.4581465852,2330434.7899774425
2021-07-26,1792277.5860649468,1320421.2019703502,3422785.660994652,1827929.856813505,2462765.874917854,1556585.3233532086,2407524.2852610354
2021-07-27,1790668.017171633,1318651.5837582306,3423242.9078903235,1819598.7665850893,2435630.625133917,1553776.8586281308,2447780.013388052
2021-07-28,1794049.3477544866,1322133.257324832,3423700.2158692013,1818852.8374418959,2444987.694577261,1553981.7194637759,2458984.056524141
2021-07-29,1793891.2609772205,1321891.1293396049,3424157.584939446,1826396.535582505,2449331.598958528,1556835.0335921047,2459444.8435137197
2021-07-30,1792896.2978848414,1321284.7849348183,3421491.8404246494,1817526.5616940635,2436567.003016277,1553155.2215633919,2500747.3675842257
2021-08-02,1791842.9505366145,1323398.944584954,3402020.127598272,1813713.5862290205,2436766.8167471075,1552519.8155788125,2446710.9359380715
2021-08-03,1787871.6887576133,1319516.6879883576,3400173.7907438227,1828468.6058535802,2451537.517386721,1560310.9325583626,2427299.021475297
2021-08-04,1789668.519199866,1321097.5164706914,3402059.5912185153,1819474.7816110982,2455079.6508270693,1555652.5940079724,2457959.158600515
2021-08-05,1791189.8149964293,1322579.6613141443,3402793.420004843,1830997.0377553042,2470651.912739469,1560175.4628438472,2479005.070020562
2021-08-06,1786971.5162219594,1318518.7390001907,3400460.157598221,1834022.6211325403,2459825.2793513285,1558932.4171480555,2514665.3674198748
2021-08-09,1802612.3358478122,1320349.5630925577,3488344.267731951,1832530.6282262038,2464369.836135959,1557040.4885101179,2577573.469372985
2021-08-10,1800948.531804534,1318700.1097670973,3487780.115015677,1834810.4170801973,2451738.1697900845,1557394.580323565,2564799.645952782
2021-08-11,1803442.1326080724,1321224.5510443267,3488298.2324625896,1839369.7255482834,2447527.1950051934,1560309.9902719029,2565184.7400904684
2021-08-12,1805732.3986557955,1323587.4774582393,3488507.9473879915,1844882.1432626806,2456349.6107091685,1563169.7226854784,2545755.2137790867
2021-08-13,1800207.859947817,1318162.2192049727,3486296.0946185016,1848239.4301968247,2464971.1643416476,1567149.372731043,2603838.4843937024
2021-08-16,1795785.6006927793,1318030.0480555352,3458585.1012016176,1852591.4239418432,2466040.2621522513,1569687.5647799792,2575128.521493985
2021-08-17,1789227.679724434,1311455.0162951883,3456742.0332154734,1840447.2236284346,2444319.9015733832,1563026.9605157308,2553385.611484223
2021-08-18,1788870.3007407829,1310997.6639069584,3457253.3589848075,1820303.2327836682,2420793.4596961155,1552816.0123244298,2555438.130068108
2021-08-19,1791805.940479491,1313933.0310502963,3458103.09124959,1823122.174537587,2432489.586832162,1555330.1363271347,2588470.0942916432
2021-08-20,1796856.7914738636,1319595.8382187395,3455820.6348362877,1837628.5511144157,2457686.454725723,1562809.1971403095,2632288.425598302
2021-08-23,1794169.203971497,1318639.601153978,3444392.9566733977,1853793.3108558352,2494445.0524820215,1571057.5785157948,2636382.526845809
2021-08-24,1797274.7291519304,1322267.478504976,3442154.5555414855,1856736.2375837443,2502064.1827702187,1571634.371251084,2607256.28623073
2021-08-25,1801767.6383436478,1326821.7582473177,3443173.8781748596,1860632.1389380144,2504937.89420229,1572420.617453666,2628071.365345249
2021-08-26,1805338.3787010065,1330558.5439956973,3443292.7602960994,1849648.901073784,2489031.4212857517,1566905.8856793249,2595811.8447202886
2021-08-27,1805885.8710669582,1331533.6390129132,3440885.560638176,1866186.423456875,2513225.236830631,1577043.8503445233,2631165.2218911154
2021-08-30,1801172.901541279,1328800.2185593084,3427431.8952797125,1874392.7209915998,2541429.165088905,1581911.1214977643,2599562.025148876
2021-08-31,1793976.2256782171,1320896.598342741,3429351.329259193,1871615.9152820446,2539358.0632702857,1579579.6123505596,2601656.434821982
2021-09-01,1803611.919277003,1330712.2427421052,3431287.828018372,1872610.4874729689,2543567.5703782453,1580284.769875968,2629705.365242259
2021-09-02,1806377.02767173,1333545.4026149965,3431776.858828629,1878372.2213348472,2542365.1236349996,1583856.439542213,2637714.8206091113
2021-09-03,1812082.3091474317,1340085.0999425715,3428638.1113064145,1877916.1289440985,2550184.6966584274,1582533.9145060393,2649153.206037754
2021-09-07,1824910.928135735,1352764.2673734836,3433866.8195132916,1871201.6896957597,2553793.2948969635,1577445.024009021,2601990.8027893556
2021-09-08,1825350.3804595114,1353177.9215180248,3434173.1032712804,1868921.6316018663,2544904.624062933,1577329.6117294268,2590232.152169641
2021-09-09,1822038.5717989886,1349595.5792836382,3434617.337650974,1860922.379550309,2536149.302161545,1575295.8401311385,2595532.6947152643
2021-09-10,1821516.216274547,1349481.5629761016,3432012.178908953,1846250.0165750762,2516900.9288717555,1566595.4257119196,2570472.481611687
2021-09-13,1815041.2554574334,1338090.6429439841,3459051.8714248673,1850974.907581716,2515164.0380572747,1569812.2213273998,2572820.556159814
2021-09-14,1812928.2743580642,1335254.2975877137,3462737.338222779,1840986.10728846,2508012.258037725,1566136.421347997,2609615.2108212034
2021-09-15,1813057.4907553107,1335184.4411502122,3463982.732847409,1856363.4749420728,2526659.3031218247,1573392.5626082656,2627877.692133213
2021-09-16,1813226.9562538425,1335299.668643984,3464364.450954023,1853420.2789742632,2528397.2422769708,1570812.574762129,2621692.525680841
2021-09-17,1819392.748895678,1342224.022382124,3461714.446738215,1835366.2628539281,2498455.37486355,1561090.0431375778,2613447.030972435
2021-09-20,1828137.9665657694,1351947.6853771938,3458586.072750193,1804762.9749905022,2446829.000122019,1546657.3740876028,2541022.308281856
2021-09-21,1825545.2215235347,1349797.4360034366,3455070.929974724,1803058.1479431465,2449840.0441812607,1546047.336033928,2503003.4063544217
2021-09-22,1825334.4196069576,1349144.8867245615,3457638.4652923564,1820646.3790363297,2472722.804889956,1555309.0754345567,2556396.0898497067
2021-09-23,1828813.9309914373,1352699.0213436037,3458355.1139228637,1842767.3984674406,2495538.052459798,1563595.2380088414,2579877.7527564936
2021-09-24,1824981.4341151798,1348985.3873820824,3456350.7328014337,1845803.07834093,2497879.6261700974,1564058.6554013519,2544686.098760652
2021-09-27,1822113.083748804,1345436.7074232833,3459427.2061798377,1840522.3415605586,2477940.8157180576,1560506.5687453186,2534755.5546235503
2021-09-28,1827564.2411502474,1351410.5669200313,3458085.009499071,1803432.2567843185,2407821.2923021107,1539038.2804408357,2513365.991378492
2021-09-29,1825733.0336656848,1349354.4740729313,3458811.3909733607,1806467.6674179079,2403873.6606923756,1541021.8135682202,2523336.471360124
2021-09-30,1827042.8383134818,1350600.6014785662,3459629.5586491763,1784388.3801713106,2395041.809922411,1529613.61940403,2564123.6692964816
2021-10-01,1824376.2372019668,1348055.3884737375,3458010.8629641384,1805594.5224219232,2409895.3294745935,1542388.3453336682,2640355.403182804
2021-10-04,1824175.773197562,1346351.0681142665,3466917.01660975,1782309.3096628329,2359312.682699562,1530024.6634192185,2657524.8739999817
2021-10-05,1832654.038810129,1354785.8079242995,3469948.279067252,1800854.419360928,2391161.2721152627,1538138.8789743292,2696763.970515131
2021-10-06,1834914.6360223717,1356907.9572138803,3471533.1600929205,1808338.6154836176,2406482.7709404924,1542242.594569311,2757426.7641628473
2021-10-07,1833128.047328403,1354964.956965833,3471865.148075245,1823973.2418617639,2428563.131703869,1548521.8330400446,2734442.377195434
2021-10-08,1835574.8832879404,1357838.8773002184,3470129.9882040727,1820646.3790363295,2416452.490668712,1545473.3662569362,2737165.8690722883
2021-10-11,1842392.8912986394,1361875.0419587528,3488975.1767187733,1807465.6051075829,2397919.085712745,1537785.150744649,2791070.5157973594
2021-10-12,1843645.5134853395,1363315.9882308815,3488268.6167907254,1803016.4157586324,2389555.423883961,1537781.177004899,2770302.194762137
2021-10-13,1846219.3254089404,1365874.9191618846,3489223.840438723,1809503.078051497,2408691.4150544163,1542498.7884173803,2790730.674305597
2021-10-14,1844898.4882037514,1364386.2057738358,3489776.5989062297,1839939.9756566684,2453051.3213076005,1559250.6207219863,2789831.0186488545
2021-10-15,1843702.1282095416,1363496.4630967658,3487543.308009963,1853952.566256736,2468507.217406138,1564854.9604030852,2852473.422906646
2021-10-18,1831814.1907522178,1352766.7119422543,3476631.2495160988,1859441.2908599249,2493329.618014008,1567197.757990057,2859355.8677208484
2021-10-19,1832260.3167326893,1352762.7851136727,3479477.164444952,1873786.527356551,2512197.862978513,1572645.1315944362,2890545.4433000693
2021-10-20,1829871.6832820661,1350009.5378754002,3480881.0181257417,1881146.2000254502,2508919.70171772,1575910.3628510248,2914172.082211839
2021-10-21,1830666.549117798,1350835.5901295044,3480951.3668365274,1886052.9625845996,2524241.410211083,1577050.6404072465,2864333.090280523
2021-10-22,1832156.287254785,1352850.8996537025,3478276.1308347993,1884098.4155299126,2503031.801204411,1577288.9872501004,2843634.3257644637
2021-10-25,1829773.9665886846,1343583.4368300436,3518937.9632103126,1894202.5851203562,2528656.811425732,1582972.7937944415,2877406.896125931
2021-10-26,1832279.1941845836,1346572.9553195126,3516728.3319305563,1895907.1429278117,2536619.587784057,1584992.168535523,2841032.319649833
2021-10-27,1838136.9828314818,1352800.4583398313,3516255.9414309724,1887508.338864524,2542507.278629233,1582885.6418656714,2814733.378514547
2021-10-28,1841485.7747395064,1356165.7412031398,3517199.3649279163,1905720.6680461108,2570742.866775603,1591552.8758503243,2845892.1789040514
2021-10-29,1840409.467332189,1355467.6587739643,3514571.3753946545,1909587.4914911715,2583387.951881995,1593323.8865208062,2868773.8739603483
2021-11-01,1842990.8748019475,1361825.6830959804,3492563.351268784,1912872.0836522924,2592220.0123200924,1594578.5174399137,2852578.0388945076
2021-11-02,1841926.682265361,1360080.1830032999,3496286.2819560133,1920606.2690222138,2603059.016128085,1599729.44557628,2884015.0826074556
2021-11-03,1833494.6039408077,1351114.6257620729,3496711.608143932,1932331.935910936,2630692.018059967,1604305.298645559,2880776.7469539293
2021-11-04,1842502.552030464,1360553.2585719693,3496978.822562819,1941438.3024316542,2664413.7825766546,1610973.2587812229,2860214.849128894
2021-11-05,1847522.251080683,1366408.8864222018,3493618.1256955895,1948174.2808719997,2666956.637694717,1616853.562576018,2855922.594530921
2021-11-08,1858080.1710771297,1364197.3327888777,3573805.7751014302,1949837.644974742,2663343.426757253,1616503.1219314216,2945460.053362157
2021-11-09,1857651.358281182,1365035.4304119567,3565933.523740116,1943392.445626491,2645010.464536515,1615096.2492691027,2937954.0888097323
2021-11-10,1850170.4409797515,1360463.3590248586,3545934.6695903824,1927758.3577281449,2606136.5249855155,1602931.1491285986,2912215.707643211
2021-11-11,1849125.3151079093,1358633.6245473998,3550385.686109535,1928382.0519566978,2613362.946860443,1602066.798773638,2911879.5236394405
2021-11-12,1849299.2514474094,1360710.5723772258,3538834.763595118,1942935.1416561918,2640862.3901915494,1609208.9934490176,2901472.4180861115
2021-11-15,1851227.1432361992,1367291.0677096813,3511088.218588649,1943600.0295894586,2640259.594308928,1607174.4736959885,2894488.009901215
2021-11-16,1852379.5317848262,1375811.8265653912,3467319.0131304218,1951293.0212546666,2659061.5841433783,1610765.7063538735,2848352.986614599
2021-11-17,1850894.9617360341,1373843.6882504604,3469629.7574634263,1946552.5143338214,2660466.570303185,1609945.7771085,2851556.1578046833
2021-11-18,1851416.531530023,1375227.3290442459,3464735.283557977,1953163.9693203764,2688032.6881006127,1613790.7248711355,2803275.206977679
2021-11-19,1845358.8955376416,1369132.3290099325,3462777.7499207538,1949671.120096538,2703019.7662535706,1613302.2548507194,2820927.0657452573
2021-11-22,1848668.7186130635,1367620.638263231,3492041.198997848,1944182.3954933488,2671639.785115316,1607476.0602685479,2795578.810446607
2021-11-23,1851386.5328946318,1369925.7466013664,3495420.3896660646,1946760.7713965392,2659462.4696138385,1606214.9242030003,2814908.1946388665
2021-11-24,1851616.950696698,1370205.7224926653,3495203.62416162,1951958.3130477834,2668026.9935141183,1610260.5453566348,2796268.4250648483
2021-11-26,1847678.121801022,1366419.5120916695,3492953.575613682,1908423.1635432423,2617444.5564072197,1593300.1304373466,2757055.389790511
2021-11-29,1871465.284210049,1367038.7928398442,3640357.65756741,1931833.3036159733,2674249.314699699,1605360.8171127767,2822270.2391129415
2021-11-30,1874779.2836531263,1369758.7373917517,3644945.0125112133,1894244.1826849203,2634974.280010107,1587683.4122950593,2810800.011819472
2021-12-01,1873389.9844823002,1368272.8723469302,3645167.2089591785,1873204.296072612,2590145.7654794757,1577224.554511669,2814382.27786362
2021-12-02,1867001.0761900982,1365660.8985090218,3619966.0252050515,1901895.0383057648,2608813.777376884,1591608.7987638556,2803550.9887545654
2021-12-03,1852892.8614902212,1367114.840536578,3519791.0809897156,1885345.8039870202,2563449.3510980867,1585854.4629355157,2760930.7139578867
2021-12-06,1849165.8773489236,1380863.752921824,3414147.217302297,1907674.8112409487,2583990.328428349,1594918.6694639502,2716383.684172265
2021-12-07,1852414.9208536386,1384269.1165863732,3414497.2134623835,1947134.6109978117,2661805.091664803,1613711.5116788303,2718530.062754549
2021-12-08,1852865.5509762776,1384645.6024970491,3415099.1226743544,1952290.6897044426,2673714.031955932,1614584.1412158303,2715642.868980807
2021-12-09,1852756.0749512112,1384546.8637757667,3414994.7584859347,1939109.7811557457,2634371.9034637515,1608099.9871554542,2670202.92316882
2021-12-10,1850009.1987341053,1382078.3065520378,3412324.9764118507,1957363.5732819461,2663008.796416847,1617351.850679777,2663246.982212118
2021-12-13,1855407.7550422465,1375609.482374936,3482803.8286439287,1940024.6583362438,2624536.7906769724,1611021.0276725048,2657339.5240070443
2021-12-14,1854501.64771,1374634.0948755618,3482896.479173855,1926676.955669443,2597371.9776862706,1603133.8674797742,2655458.489928843
2021-12-15,1857687.3536147275,1377683.2078093945,3484813.6314970027,1956781.6112379064,2656585.403491637,1617658.8091249082,2694743.2585973954
2021-12-16,1856899.1705587895,1376803.2851916498,3485078.5502980556,1939525.6221814314,2588272.5903784893,1609989.1235211727,2674637.880221529
2021-12-17,1856325.7377476506,1376617.6589191307,3482587.47237283,1918883.2682816025,2575359.130061748,1600496.6508800646,2650255.373695005
2021-12-20,1864687.8397194615,1381298.8338392847,3507105.121737457,1898478.9224534512,2550377.1720046,1589334.5457246858,2662671.9085823996
2021-12-21,1871478.0129206665,1387971.8651724127,3510141.8640181557,1932194.3543219916,2607455.756878889,1605769.4241423493,2697959.183424642
2021-12-22,1874604.5586029848,1391235.0073818315,3510433.4265037826,1951513.5287328388,2639210.414970968,1615964.847735582,2693115.6261837287
2021-12-23,1880092.0550284076,1396915.2669709148,3511243.857859886,1963656.2482267972,2659107.92080079,1621206.2623636967,2729188.6171964784
2021-12-27,1887625.4719619995,1405716.3003898845,3506524.3275695895,1991445.979134306,2703055.8291724613,1635313.2634281379,2727919.7545650713
2021-12-28,1891288.5609903832,1410354.4227676245,3502210.7137589166,1989818.5585582256,2690527.738884331,1634225.1659980684,2678859.9855636405
2021-12-29,1897321.7829207007,1416847.216040215,3501830.6483311392,1992363.9525736554,2690125.3857369404,1633533.215703091,2659788.722534805
2021-12-30,1899301.053967384,1418847.2646732945,3502473.335623278,1986856.1119375601,2682086.4998463057,1632258.364231832,2672637.7595800576
2021-12-31,1901992.4882093451,1422070.646262282,3500451.0511457976,1981848.7882757278,2665338.419043562,1629561.3047521005,2658073.5047525903
2022-01-03,1907816.8869987826,1427249.441594572,3506270.7657562094,1993323.6581975184,2690996.976166177,1630765.7778797098,2661784.8453064035
2022-01-04,1904462.789607911,1424593.0275866762,3500950.1997758113,1992655.9432453006,2656092.6833788864,1630380.5402813363,2652398.98169179
2022-01-05,1901336.9751400242,1422642.3075396651,3492982.1754486,1954392.510984478,2574494.8780171694,1609581.5601190524,2612276.9226145307
2022-01-06,1899699.453870718,1420906.5321580248,3492898.663026523,1952556.5641057794,2572686.07103304,1607990.111547572,2605181.1025266573
2022-01-07,1899195.6768814903,1420896.7698239994,3489867.078663218,1944837.4561702632,2544816.982783303,1602294.6116323997,2576397.240607665
2022-01-10,1899376.7086719126,1419440.21743196,3499324.6926276176,1942416.9894684742,2546491.392494125,1600528.5710296778,2582019.2930243784
2022-01-11,1906899.4402706244,1427141.7292078873,3501221.4966828236,1960109.2817830418,2584744.9240393243,1610471.4369311254,2599200.6825476917
2022-01-12,1911510.640755238,1431876.4468287867,3502339.912515555,1965408.192256669,2594994.9700614796,1613083.6618852979,2621580.6789114396
2022-01-13,1914513.7142467226,1435051.9294030422,3502557.667595036,1938328.0431058416,2530078.3613680517,1600894.347814742,2597532.6520287334
2022-01-14,1913848.4356917846,1434251.850936301,3503057.0841042483,1939120.55075175,2545821.9221451823,1597710.5910954187,2607072.3327465137
2022-01-18,1913289.305669715,1433320.522916943,3504929.3403671486,1904779.809215256,2482445.7452255343,1576859.690683409,2594941.467414132
2022-01-19,1916388.787613356,1436555.5249656439,3505397.5607639714,1885001.3115348585,2455179.033522153,1568393.4663026729,2583586.432768701
2022-01-20,1926968.5379745918,1447802.9203111338,3505865.843709941,1864138.0462970077,2423290.6071611657,1558314.964894339,2564074.181098709
2022-01-21,1924348.0086259516,1444907.3144705116,3506334.1892134133,1827543.766796779,2356096.373538029,1542413.6774519351,2484459.7175981966
2022-01-24,1930356.8882697816,1451105.8417439656,3507739.601152422,1835305.010776659,2366882.1216402175,1545629.37211239,2489941.314958578
2022-01-25,1935672.15377393,1456730.8206875192,3508208.1969694863,1812897.5200918547,2312013.8582249163,1533700.0331012586,2496281.279446527
2022-01-26,1932124.9248284143,1452833.7880922847,3508676.8553858497,1808349.6543195222,2308396.873261057,1527940.546433725,2494450.025759113
2022-01-27,1933252.6155307174,1453961.968252201,3509145.5764098745,1799419.9091732611,2285149.7093370594,1525444.2760314913,2500493.2269562664
2022-01-28,1938897.0510361763,1459943.1124299013,3509614.3600499243,1844109.1555095285,2356832.728021425,1548612.13233706,2513777.4548358074
2022-01-31,1938848.6885414456,1459640.147377554,3511021.086749879,1877323.8011639055,2432200.4544766373,1565292.1579267138,2528433.418377092
2022-02-01,1937863.5886129057,1458497.1204234222,3511490.120937689,1890008.36595679,2448748.302212284,1571419.236763093,2533797.5706946217
2022-02-02,1943817.2523075605,1464814.9245022018,3511959.21778336,1908367.969363725,2468645.179037707,1581253.8167663093,2498909.21417674
2022-02-03,1941213.5154327792,1461928.0390521574,3512428.3772952612,1863512.1981492534,2368556.9506873046,1556406.1193581556,2503233.1423064517
2022-02-04,1944825.85479973,1465730.7015356715,3512897.599481765,1872274.8799375098,2398435.9176608,1556880.596467381,2591314.237185974
2022-02-07,1944113.3456455735,1464709.2561175318,3514305.6421726225,1866266.1184673011,2379141.6270498647,1554445.896330559,2635487.3352599875
2022-02-08,1935646.1554265425,1455512.1932795297,3514775.1151412735,1881621.4084491066,2405872.427005079,1560209.4615942212,2640750.3197118035
2022-02-09,1936189.0777408162,1456012.077736869,3515244.650826401,1909161.0154894334,2456854.0722373724,1574306.6992831249,2644954.066482833
2022-02-10,1933036.701147758,1452542.1692044712,3515714.249236384,1874861.7368975526,2401249.244670542,1551518.4404020722,2631355.5763451313
2022-02-11,1932054.465692867,1451404.605580264,3516183.910379601,1837891.7331167515,2325078.2795974794,1537247.2189708047,2610633.4343472263
2022-02-14,1931506.884679547,1450561.1677191718,3517593.2702924693,1831882.8370265928,2327958.910077942,1530657.4824639019,2614694.6655599917
2022-02-15,1937074.9976936844,1456451.9072494525,3518063.1824524403,1861425.7235435226,2385840.943238215,1544461.4322256616,2651561.3941897224
2022-02-16,1938043.2087443192,1457408.4939182524,3518533.157387559,1863512.198149253,2385238.1473555937,1546235.1899153236,2640863.899670172
2022-02-17,1943982.3731053502,1463705.4131048224,3519003.1951062116,1823704.809681377,2314292.112159024,1527717.6371168601,2579407.9420063924
2022-02-18,1945680.052459839,1465447.688912308,3519473.2956167855,1811896.2169034276,2287896.781216746,1523064.2179749832,2569970.4510773234
2022-02-22,1952224.0427771138,1472151.7711570258,3521354.3257460776,1792451.7113190892,2264917.992503098,1512591.7423546743,2537899.796296785
2022-02-23,1952795.716533801,1472683.3342684105,3521824.7403421053,1760655.9599381748,2206901.142733251,1493791.7475030925,2518460.417027775
2022-02-24,1953535.8032364126,1473396.3476912812,3522295.2177804005,1787152.396985612,2281063.487091354,1508373.733202365,2539683.5647832546
2022-02-25,1953709.2012087642,1473498.8210583269,3522765.758069359,1826584.1957928655,2316435.549483558,1528948.4857856215,2557444.065450528
2022-02-28,1960194.2746897445,1480230.4877462853,3524177.75612418,1821910.7296071423,2323335.727743405,1531010.697576613,2638967.4348699874
2022-03-01,1956775.9818766878,1476458.1608884886,3524648.547899763,1794162.596264197,2287762.593611572,1520471.1993928445,2660501.593204195
2022-03-02,1955666.5019344843,1475177.7118696577,3525119.4025680018,1827168.1771361558,2326149.474089414,1529954.4995939648,2653003.2928759763
2022-03-03,1957814.1593834332,1478461.235938682,3519715.121133017,1818071.9071116906,2292920.8490217435,1527452.614559104,2626572.930499372
2022-03-04,1960644.1129278846,1481429.5407353707,3520185.3167491565,1803300.4638532256,2259692.01428594,1522453.5539385194,2565302.094872859
2022-03-07,1959598.9934678678,1480046.8317112238,3521596.2805092284,1750140.930260197,2176352.286074548,1491991.732495017,2544866.0503823077
2022-03-08,1954268.950146574,1474211.1273958422,3522066.727427778,1736871.7110242718,2166236.2179894345,1483081.8772125628,2558648.002471375
2022-03-09,1950260.6687755012,1469807.2049182225,3522537.237192913,1783438.636423751,2244216.619051026,1505690.9943143,2623201.237052366
2022-03-10,1953632.0573874912,1473352.8196188658,3523007.8098130296,1775385.267152276,2219295.25508434,1498242.179096726,2575732.380741382
2022-03-11,1952516.3214587318,1472066.4031496185,3523478.4452965246,1752811.3862092174,2173271.0031907223,1486701.5497015798,2563384.619758373
2022-03-14,1962116.1201886781,1482158.5391576102,3524890.729011263,1740001.0863829916,2131533.4162780396,1474422.5201212214,2582059.4378842227
2022-03-15,1962760.319712622,1482768.853979321,3525361.6160322614,1778264.5186438144,2198392.8098926386,1495195.056057135,2575896.2734999205
2022-03-16,1970847.2948425056,1491411.5501225786,3525832.565958638,1817696.048211168,2279924.1504561673,1515532.348952387,2611597.3092842116
2022-03-17,1973789.0007434296,1494506.2994476028,3526303.5787987974,1840437.261752131,2307525.492499953,1527922.327405018,2608174.896840266
2022-03-18,1973104.947178222,1493680.8078841683,3526774.6545611434,1860595.2530717019,2354756.174831345,1539323.2284721048,2624655.3744795998
2022-03-21,1975834.084609957,1496373.8765203434,3528188.2594653657,1860051.1192336245,2348209.4970438806,1533015.6485999972,2611851.8507067813
2022-03-22,1976668.9011250893,1497191.4027230165,3528659.5870005274,1881816.3381367691,2394357.8724722844,1542117.1977751132,2636527.364493834
2022-03-23,1976657.8209315382,1497093.6955386342,3529130.9774999158,1857581.5162500693,2359947.767474677,1532743.7211090021,2646747.9675557776
2022-03-24,1970240.6413656052,1490064.7198607961,3529602.4309719424,1885583.273578897,2412401.91200563,1545233.7774884647,2666765.6036367337
2022-03-25,1969647.5936458476,1489939.0650000288,3526755.5388041,1894791.9512616484,2410389.0979280076,1544849.4827927765,2674072.359155357
2022-03-28,1982966.3990645192,1482488.031014264,3648280.7905757963,1908269.2929403419,2447683.3977643405,1552956.7785358324,2724799.9110526047
2022-03-29,1985588.8374585547,1481668.4747747798,3669069.4231957854,1931876.381999987,2489807.8223825665,1567403.7485792823,2730912.6148061925
2022-03-30,1983663.7188723027,1482048.9597684524,3655013.1949724955,1919947.3043667483,2462306.701706395,1563298.1915767058,2724210.933042953
2022-03-31,1974663.2013742214,1482968.9995142787,3594438.995799765,1890396.6098927157,2431786.7792500574,1548569.3393258718,2698000.9725035136
2022-04-01,1979162.0229688627,1479173.193818388,3643203.456127675,1895754.6185244122,2427158.3552121934,1550102.530955644,2711458.7281458504
2022-04-04,1982582.0023425615,1477690.1279810152,3672514.0712350872,1911994.496197956,2477130.238715546,1558592.561026784,2718271.5845621843
2022-04-05,1977221.9432403862,1483176.7130877983,3607600.697229447,1887843.8117800334,2422127.7876950707,1540478.3644352579,2699868.316553088
2022-04-06,1951556.2094302878,1481069.7225272104,3463461.5442921305,1868966.46004523,2369539.874895209,1529663.0464919165,2658352.3447979568
2022-04-07,1951825.5208731075,1479657.2203935059,3472761.990379588,1878383.9332704998,2375174.4963037507,1532953.7362667597,2664084.9491168056
2022-04-08,1954271.869891423,1484269.5825463785,3462011.900381929,1873361.3975543126,2341971.450748317,1527406.8840799748,2641991.109571675
2022-04-11,1954959.7952580766,1484112.5016341323,3466728.331797679,1841341.234716675,2286566.227244184,1509117.540161501,2590902.682752592
2022-04-12,1959490.9540730931,1488646.2396687972,3468801.2318857736,1834518.9648883513,2276907.44535733,1507672.7773277815,2603048.9318073234
2022-04-13,1952460.023199614,1480752.299098127,3470232.617486661,1855530.4466912004,2323190.008390909,1519244.3702352177,2623522.9594291793
2022-04-14,1950054.9197902663,1478132.659194024,3470308.465694376,1832426.163144969,2270065.9741747472,1502966.2418966638,2600228.988758141
2022-04-18,1939088.4411803808,1465921.9927896054,3472217.5945914537,1833179.4963854144,2271809.3647013544,1501486.5068765965,2618833.326412314
2022-04-19,1940702.4704384506,1467581.1823964063,3472681.445055219,1862771.6538040608,2322586.164167623,1512378.8218201548,2632097.301874463
2022-04-20,1938169.8797116703,1464761.1971912573,3473145.3574843556,1861390.0492567604,2288712.599922581,1515170.377206297,2629901.0537140775
2022-04-21,1939160.3026406302,1465746.6312227761,3473609.3318871413,1833556.0283856874,2241356.3263794705,1498242.0768314567,2613995.1942893323
2022-04-22,1941121.2258850054,1467780.1371889547,3474073.3682718556,1783244.6490757372,2182664.9742254876,1472993.9287629863,2599010.468741082
2022-04-25,1946425.2113933344,1473254.9272409996,3475465.8494003746,1793583.191999207,2210703.054990491,1482067.293668572,2613920.92914812
2022-04-26,1948116.3265404617,1474999.165453669,3475930.133795614,1741639.545794975,2127259.9603894874,1458144.685628148,2568794.2819162654
2022-04-27,1946457.5500438951,1473120.5351636242,3476394.4802141935,1746537.1541975215,2124710.815227433,1458248.3400392402,2591752.0515018525
2022-04-28,1946797.84102945,1473404.1088883332,3476858.8886643983,1790653.4580264022,2200172.053670001,1480123.5703876077,2602549.497238837
2022-04-29,1944169.349157415,1470477.84744229,3477323.3591545154,1724478.463803281,2101167.180563252,1443757.023550029,2579943.336440106
2022-05-02,1946959.1083594237,1473237.8127982037,3478717.1429472244,1734858.8735312147,2136248.223586734,1445827.8479735479,2579307.6328329304
2022-05-03,1946797.1897993097,1472978.4354277554,3479181.8616798804,1742811.547080057,2138528.5742021725,1451106.844747597,2563906.5258598244
2022-05-04,1951238.8175353035,1477694.9720887018,3479646.642493899,1795885.4623848575,2210837.032927532,1481363.9536022379,2603835.4455960407
2022-05-05,1950070.7803627294,1476346.7023780728,3480111.4853975736,1732054.7399718005,2099490.4645029665,1443906.1482292989,2542622.6753255166
2022-05-06,1951294.2864454875,1477585.4405897495,3480576.390399199,1721716.1970483307,2074336.7882448216,1436300.105595429,2531719.131138084
2022-05-09,1944788.7607041688,1470298.2078691544,3481971.4780747397,1666591.3468046114,1993174.2539273903,1411536.267596292,2407817.7711989153
2022-05-10,1952761.9996431456,1478825.3497124936,3482436.6315511344,1670442.0158556665,2017389.0362855783,1415208.0115856433,2425351.235161689
2022-05-11,1951932.8551708295,1477843.6682254176,3482901.8471669685,1643905.1928232163,1957557.089487609,1403819.8008251665,2376640.4684842927
2022-05-12,1950691.0533723526,1476415.9285850497,3483367.1249305434,1642189.0577000568,1952928.2461134784,1403978.7321004693,2379607.524477259
2022-05-13,1949336.5875047494,1474866.8971522085,3483832.4648501617,1681450.293030605,2025304.008309559,1421718.1580360841,2385614.085359648
2022-05-16,1953360.5869242325,1478963.2714930454,3485228.857628314,1674627.753962381,2001827.0481116995,1419532.892741405,2401498.6530784243
2022-05-17,1960963.8721748313,1487102.5045966627,3485694.4462551493,1709075.38373921,2053677.3484193662,1433958.0393160724,2415304.2635340705
2022-05-18,1962268.6527167552,1488430.912893082,3486160.0970795555,1640180.124185552,1952861.5716471572,1401576.6875127894,2374911.6241722642
2022-05-19,1967810.4803158354,1494350.8648780098,3486625.8101098416,1630134.379653427,1942397.6641292546,1397847.0376183211,2414678.155319046
2022-05-20,1969336.4805764677,1495920.796983306,3487091.585354318,1630845.980709359,1936360.6895733215,1399898.6668828514,2388293.076076242
2022-05-23,1967725.0583922653,1493912.6161682096,3488489.284456004,1661359.4770661055,1968557.5377580777,1413768.2760568832,2387124.351799031
2022-05-24,1968060.7096204802,1494191.127541951,3488955.3086403627,1648677.0661924216,1926701.4883502016,1411637.9643101238,2401047.619568508
2022-05-25,1967797.1117034233,1493819.6830843778,3489421.395080478,1663242.9447871696,1953666.697278206,1421464.3472634603,2399007.7840260207
2022-05-26,1959972.558602278,1486315.6346911923,3484071.8414595327,1696476.7064744525,2007797.1385331783,1438068.7272741788,2392046.951153833
2022-05-27,1963563.8744759283,1490121.1397804625,3484537.2755216057,1738123.5419397284,2073330.3812060107,1460191.3504132973,2376586.8087018435
2022-05-31,1961355.9412536898,1487387.0464136687,3486399.6336221946,1728370.9996587995,2067830.9957433084,1451573.4521549316,2455024.9486852135
2022-06-01,1963324.473990887,1489434.5034549723,3486865.3786519547,1714391.2563265425,2052536.9634435133,1442145.2206175975,2409078.9193805843
2022-06-02,1959529.2311795997,1485236.1146037856,3487331.1859001797,1747039.1519912346,2108746.8932424285,1459352.4528094383,2425515.249972314
2022-06-03,1956907.2111050037,1482311.9743782466,3487797.055375181,1718367.6604109386,2053878.839495261,1444018.7637934617,2407517.015558755
2022-06-06,1958820.839883761,1484127.8568870143,3489195.037243978,1723599.5301494442,2060720.1010097107,1443117.5975852935,2448541.2245570365
2022-06-07,1957423.985454217,1482530.9637647101,3489661.1557092248,1740132.4754542334,2078495.5556645736,1453626.089157273,2443731.316899623
2022-06-08,1955135.7443508662,1479970.2449999715,3490127.336442823,1721213.6607748163,2063537.4117139818,1441763.0894275233,2421814.2747422038
2022-06-09,1955505.4904845257,1480285.3488317966,3490593.5794530916,1680278.4263654726,2008266.375815024,1420568.608298849,2419579.424280788
2022-06-10,1960115.6312284977,1485186.027940842,3491059.8847483494,1631557.8510051912,1937433.9807465866,1391455.6962300777,2395020.260578745
2022-06-13,1966314.9739428628,1491638.589062489,3492459.174427272,1569610.461693248,1847350.4867026296,1350632.7058936665,2225614.672796457
2022-06-14,1965328.9659333574,1490484.6437887952,3492925.728945705,1564880.7243684065,1850703.9188232005,1344990.5236716846,2217491.486736596
2022-06-15,1968594.591712466,1493937.3326464042,3493392.345790742,1587189.9424896785,1896919.8073904582,1362472.3049962586,2228664.491956655
2022-06-16,1964933.1568289986,1490949.4579811115,3488036.7043943903,1534660.4302628555,1820385.4874427584,1336723.5971268802,2163970.661012193
2022-06-17,1959551.1670064887,1485030.1841072475,3488502.6681189807,1537968.5809152338,1842520.781257003,1338399.0653937617,2167034.3263040907
2022-06-21,1953129.5929651929,1477741.9678541885,3490367.1455773036,1576684.8746880044,1889006.932047808,1356480.4624895891,2178037.720550789
2022-06-22,1954038.2407490362,1478639.4846512927,3490833.4206234613,1573826.4892887226,1886251.2637746641,1359619.6846944608,2155413.0931898765
2022-06-23,1947306.0270413472,1471277.2135871772,3491299.757958888,1589253.8009438016,1914343.2292498706,1369882.4705418807,2191164.7658789065
2022-06-24,1949561.1988874401,1473627.098859067,3491766.157591905,1639782.4568531225,1979936.0176724994,1395148.594302661,2195914.317237917
2022-06-27,1942765.3651536247,1466039.4474846818,3493165.7303597266,1633519.1290573808,1965419.2251420526,1389466.1892342113,2181199.9237553068
2022-06-28,1939400.239578955,1462327.8367016392,3493632.379266339,1600141.5932634505,1905539.264341607,1372652.5199507445,2167050.1588089233
2022-06-29,1935311.9595202876,1457840.3927507328,3494099.090512164,1598838.3375270758,1907286.4288946092,1375146.044456914,2161591.3606261387
2022-06-30,1932468.2004157929,1454696.6999281133,3494565.86410553,1585848.9931672916,1883630.2024429615,1370942.5300044252,2151494.223962643
2022-07-01,1932990.682788245,1455175.2821656317,3495032.7000547657,1602621.8312230592,1896063.3130668039,1384213.4918915394,2134882.5564291743
2022-07-05,1933098.6752770264,1454955.204749222,3496900.6675770227,1605648.6261798458,1928523.2947585825,1386809.9126083679,2166309.28274915
2022-07-06,1930547.3355441515,1452128.6520307125,3497367.8154305797,1611071.1177676131,1940889.101911704,1385886.9494897022,2178039.6124852756
2022-07-07,1932629.2540247408,1454282.6394254342,3497835.0256900038,1635200.5322334287,1982422.052726495,1397089.1370106852,2212883.170852211
2022-07-08,1926301.345679346,1447396.9743107946,3498302.298363631,1633855.4096925901,1984908.9264530232,1394309.7327484537,2215959.684329056
2022-07-11,1927876.686278155,1448836.1489086219,3499704.4909531185,1615190.622858906,1942502.4981957977,1387341.9556968054,2161818.0184799717
2022-07-12,1929583.3988897558,1450585.5239125243,3500172.0133669497,1600898.292002647,1923684.5735832332,1380740.2670631823,2141020.406383309
2022-07-13,1933632.282731079,1454850.7498991473,3500639.5982366847,1592490.872262556,1919719.3298503184,1378396.1886653658,2170742.106732538
2022-07-14,1935354.680309749,1456618.7693874633,3501107.245570667,1588623.2410977953,1926574.848797818,1374445.6675988764,2182474.702428833
2022-07-15,1939483.8362823967,1460975.0228107907,3501574.955377241,1618974.251174839,1961521.0752117257,1392360.1084661619,2191158.5880184495
2022-07-18,1950050.843731412,1472101.8335364072,3502978.4597159773,1605606.4901354816,1944921.0201109403,1383664.7291245363,2244076.1203654427
2022-07-19,1950279.290201594,1472263.9166758303,3503446.419496387,1648988.845996723,2004734.725781331,1405335.9619691144,2271344.120834172
2022-07-20,1955759.2769394128,1478089.3924848037,3503914.4417911274,1659497.817776949,2036522.511438437,1410322.9881495957,2266962.219020916
2022-07-21,1956892.6801986415,1479228.459073159,3504382.526608551,1676396.7947259073,2065756.9585708266,1423654.4592842897,2265209.811267316
2022-07-22,1957760.1707205293,1480080.543828504,3504850.6739570093,1660843.3441776372,2029532.8048857625,1420171.271121492,2252230.5879427847
2022-07-25,1957983.909929606,1480065.9151532366,3506255.4912721342,1662860.893368945,2017973.800708754,1419117.9699555917,2212512.0864246823
2022-07-26,1954056.3993457784,1475739.9532027193,3506723.888828278,1643187.5338695322,1978322.621388406,1408933.8746671928,2208929.822000725
2022-07-27,1956846.9460183184,1478666.139233388,3507192.3489572355,1685855.1924159906,2061925.6927749533,1432855.4147141757,2261889.076364962
2022-07-28,1958610.681088139,1480485.4014241893,3507660.871667365,1707000.0825893332,2082087.79978873,1447743.233758648,2289128.3217273373
2022-07-29,1960132.4615387914,1482043.913921646,3508129.4569670274,1731885.6573145452,2120058.069686131,1460462.5616539011,2288211.8141664346
2022-08-01,1956135.3625557155,1477467.6333537872,3509535.5884868284,1726757.4449375735,2118781.4004237726,1459892.6312251312,2274658.7068807106
2022-08-02,1954093.2857322313,1475179.645877227,3510004.424228245,1715365.23166511,2112463.680237638,1448118.9364314065,2265034.424295728
2022-08-03,1954971.2082305492,1476041.9871177098,3510473.322601012,1742227.027256966,2169992.0032573952,1464307.8560504238,2261354.272332705
2022-08-04,1947404.7045609658,1467796.251271433,3510942.283613496,1741049.6411738822,2180139.940898738,1465127.3373120541,2255165.152437923
2022-08-05,1950259.940023336,1470786.5672920633,3511411.307274065,1738107.2529257732,2162330.7296744483,1457096.812336651,2275057.5486292546
2022-08-08,1946379.1152189977,1466349.4989525035,3512818.7542279786,1736089.5691145156,2155341.0231217737,1458748.8138469062,2291069.921683407
2022-08-09,1949303.9484432323,1469413.3902686809,3513288.02856459,1729195.4122328681,2130946.1358372653,1453972.5651164795,2272659.761673125
2022-08-10,1949063.3909041635,1469070.2116597046,3513757.3655911433,1765515.4708948573,2190422.695149654,1473764.8819475982,2295927.9513258636
2022-08-11,1952385.6542552405,1472563.3810280191,3514226.765316013,1765515.4708948573,2177989.374857679,1470623.4081115364,2296427.0092814392
2022-08-12,1949791.4115385555,1469683.8212063008,3514696.2277475744,1795404.19606345,2220396.012783038,1488197.0002907056,2309446.5861013136
2022-08-15,1954190.0963007333,1474160.8264392072,3516104.991366188,1802802.2354181118,2238339.6212806357,1492626.905473273,2302534.7104359246
2022-08-16,1952344.733584959,1472087.7614871964,3516574.704708299,1806333.7205676127,2233097.7082853625,1493513.8473486765,2295490.0750936116
2022-08-17,1951968.3572438878,1471598.0642681052,3517044.4807989984,1793512.1126655834,2207627.0138099925,1483618.501372493,2279924.1732317004
2022-08-18,1949043.838401169,1468364.085321662,3517514.319646668,1798724.7317512324,2212936.2302759853,1487479.679819729,2276524.635126421
2022-08-19,1952587.5444575225,1472769.177577627,3514209.9277740987,1774553.1812410534,2169790.302513367,1471315.3369926282,2208032.4733878123
2022-08-22,1954916.8058978012,1471729.5953237105,3533958.972032309,1737602.9665929086,2112665.8003179324,1450394.5439228215,2225177.13786728
2022-08-23,1960887.9464901362,1476569.7363790765,3542820.980028402,1733399.1894128884,2110918.845433063,1448060.7034379714,2229415.0655462695
2022-08-24,1964585.9061925013,1481191.069587803,3539219.3039400303,1738948.0891337472,2117034.0262026372,1449301.3247008119,2225489.4381836723
2022-08-25,1969657.203879959,1484765.1068614845,3549746.043301565,1763497.7870835997,2154467.755347472,1464784.5097115596,2232122.3298269184
2022-08-26,1964705.6559036113,1489590.7104161542,3493080.6341808746,1703804.8780750416,2066159.731054484,1433941.9154983975,2190763.0952302897
2022-08-29,1958106.420956472,1482190.412433839,3494480.7338183536,1692539.0729356695,2045796.7619692115,1425487.0433129964,2193010.9380764402
2022-08-30,1953817.0946780622,1477467.2542544636,3494947.5583951096,1673958.6928106628,2023013.8032918652,1416830.895674173,2176971.4698648364
2022-08-31,1957740.6801242973,1481621.2324147583,3495414.4453345463,1661221.626237261,2011253.3080389614,1407339.8661001497,2185519.9642755333
2022-09-01,1956008.8405052293,1479664.0359967502,3495881.3946449943,1666434.2453229101,2012126.5758132632,1407547.261462592,2188254.6746387808
2022-09-02,1963779.6920930755,1488627.439989126,3492763.064192623,1648862.5724835824,1983699.1413251196,1400274.0153842275,2183326.476713619
2022-09-06,1970588.9524903505,1498338.0174423547,3480000.848927688,1642640.9768723543,1969451.5626775548,1391857.5332682193,2146850.1733233505
2022-09-07,1972988.9770779444,1500696.592644751,3481346.8340681572,1672151.1507414237,2009236.5102668116,1410724.3326428616,2162527.13185435
2022-09-08,1969365.1669663633,1496668.6288330497,3481835.7677087947,1683080.8098655366,2019653.6617910357,1414453.1440373724,2164058.1185811157
2022-09-09,1971272.6162021288,1498593.8044505748,3482626.6716855764,1709227.6389027096,2063807.67393753,1427580.7382753652,2233156.6608322775
2022-09-12,1973362.4816875684,1500602.3215592208,3484022.581156657,1727598.146525598,2088337.7971678786,1435928.2174903692,2264524.9267332447
2022-09-13,1977447.3828884568,1504953.9481882849,3484488.00863809,1652477.6566220608,1973819.9982303933,1395237.193280945,2201760.20271502
2022-09-14,1978507.6514343806,1506020.5384521678,3484953.498295567,1658783.389702066,1989478.6434136243,1399163.967217532,2200156.11064479
2022-09-15,1975266.436820011,1502409.771271745,3485419.0501373936,1639950.4625507772,1956346.2560190402,1387940.2051473502,2182756.804272051
2022-09-16,1974529.0309662402,1501522.4986632033,3485884.6641718773,1627439.557493449,1944383.8503539753,1381194.423605848,2185333.209834251
2022-09-19,1975043.9425882848,1501823.0597275698,3487281.8795143585,1640060.5816699131,1959525.453921017,1386782.7276524485,2178713.1065922766
2022-09-20,1979595.4692514567,1506681.3338645345,3487747.742402564,1621234.7893759764,1943906.016678673,1374758.1626638642,2157067.211244874
2022-09-21,1982630.4874036973,1509895.0290856222,3488213.6675249785,1592954.0995106576,1909098.380900735,1362104.5798897827,2145505.8505879915
2022-09-22,1977783.0596988215,1504534.8491875469,3488679.654889916,1579573.818815946,1885601.5022302326,1349434.994323714,2175764.560564219
2022-09-23,1979767.7062449516,1506605.505164072,3489145.704505692,1553108.344357019,1854901.0555113084,1334208.2224261586,2172070.7829624726
2022-09-26,1989769.37916764,1517226.3447790358,3490544.226941214,1537744.1694585108,1847225.314827178,1319425.6418764894,2170349.229280428
2022-09-27,1988435.1932842087,1515686.1441424557,3491010.5256435135,1533818.113235431,1847966.2820095024,1315149.4265675647,2166754.318305083
2022-09-28,1985705.6308423362,1512627.066045944,3491476.8866382428,1563998.425215819,1884726.1377746002,1339155.5907762395,2177711.275793302
2022-09-29,1989515.920771587,1516686.9196504632,3491943.309933723,1531328.1826394193,1830393.995775599,1319557.6195430008,2182835.9447876127
2022-09-30,1986385.763024724,1513191.1663709758,3492409.7955382764,1507648.5334267004,1799356.8220349394,1306057.1645057234,2178313.908116757
2022-10-03,1981649.37123043,1507771.9945185448,3493809.6262896233,1547452.2871559255,1841570.7749459925,1330990.7394230547,2185614.527832322
2022-10-04,1981165.0977606282,1507159.2882728756,3494276.361213721,1595402.2979221558,1899470.8395657104,1357164.6479230893,2209651.2498744675
2022-10-05,1976895.2372572334,1502432.6134052216,3494743.1584885223,1591688.268120395,1898460.658500504,1352419.9102833741,2204116.8834204213
2022-10-06,1972885.2309704367,1497992.896812788,3495210.018122357,1575268.5381935926,1883514.4656334978,1341922.1590146497,2197590.3979687346
2022-10-07,1969466.6280476777,1494198.9722664019,3495676.9401235553,1531328.182639419,1811744.8540101678,1316619.9425036588,2184297.0010687993
2022-10-10,1963295.01013723,1487251.7864430454,3497078.0804146547,1519635.7668783579,1793634.3496786337,1308223.4950606334,2171285.535641517
2022-10-11,1966451.0852376113,1490582.0899029681,3497545.2519686352,1510012.0558896207,1768993.1023377501,1303581.9343227514,2168423.6134530017
2022-10-12,1962956.1905351144,1486712.2478028468,3498012.485931649,1505031.386977897,1768386.5324287335,1301439.187580021,2172246.782922914
2022-10-13,1959864.9100218324,1483282.4335557267,3498479.7823120323,1544750.8686183945,1809859.9374937285,1320411.5141977677,2180119.296875083
2022-10-14,1962760.5786607906,1486328.2630409938,3498947.141118124,1509547.8863018693,1755459.863019608,1299471.5820510765,2173667.439949214
2022-10-17,1965261.3722963366,1488770.5356871304,3500349.5921740485,1548338.6249070137,1813428.069782579,1320605.5111531254,2186689.9068848193
2022-10-18,1962873.8726593936,1486101.5366108704,3500817.2007663785,1566531.164955944,1827768.950749367,1330806.486697715,2179635.2474617814
2022-10-19,1964295.0714238123,1487553.5916573214,3501284.871826125,1555429.7307755754,1821103.1814623103,1320554.2159130503,2173248.1933776094
2022-10-20,1965554.2729045963,1488830.6951758708,3501752.6053616325,1542387.0769155738,1811811.7381446224,1310714.0114990913,2170528.876862421
2022-10-21,1970981.284998293,1494617.9559031688,3502220.401381248,1579869.444226242,1854294.2759341581,1330609.1541286218,2174789.3770714677
2022-10-24,1972044.7099916805,1495510.760107348,3503624.1644282164,1599201.2729123936,1874695.1949515191,1339640.5354293932,2181381.8745396873
2022-10-25,1976491.5965951886,1500242.7390996772,3504092.2104677446,1624738.273575868,1913474.5741744973,1357740.2563132418,2206966.21783441
2022-10-26,1974428.1665669335,1497919.371095213,3504560.3190331277,1612497.416138328,1871194.156465256,1354015.1126405506,2229397.8347609537
2022-10-27,1973751.6701006552,1497100.4247793127,3505028.4901327183,1603886.720273671,1837126.6491971104,1352414.1116452434,2214001.755114217
2022-10-28,1979915.9203845458,1504733.7154988947,3499817.8190823537,1642044.2066338095,1893343.9173806838,1370358.7853448417,2224342.978005876
2022-10-31,1993628.5923848865,1516410.035522123,3516688.691734829,1630183.3813152434,1871328.763406697,1362577.652285244,2221790.607457938
2022-11-01,1995522.6731085812,1518324.035940308,3517468.607538029,1623049.735542468,1852207.8683418238,1360013.2266870113,2221656.9048863505
2022-11-02,1992734.577853345,1515770.908657548,3514888.0134815555,1582317.5080177905,1788719.3093028422,1338617.168506321,2211265.6072520725
2022-11-03,1995908.3678259647,1519098.5869108778,3515543.207457684,1566024.5900839292,1753776.961749397,1328367.8701508672,2213133.6544649266
2022-11-04,1991553.913205346,1515155.915236513,3511267.027579583,1588564.2775596767,1781986.655881331,1339783.0218949642,2244130.9626065143
2022-11-07,1995280.5693504976,1523464.1489404407,3488290.5955290226,1603759.9082807298,1801578.6752412478,1345768.5174907981,2227399.674656957
2022-11-08,1991034.208926151,1521619.3032674617,3473401.0125070093,1612413.1440496005,1814707.255062535,1352414.901068081,2160745.0013200794
2022-11-09,1991005.56786093,1522836.6912863627,3466750.2877275757,1579193.921316922,1772830.0291732172,1336327.453853823,2067933.322016276
2022-11-10,1991000.449166871,1523436.975333804,3463531.958364605,1665977.210592511,1903644.703091046,1391865.8323206478,2134770.957622402
2022-11-11,1988148.5037459834,1520259.9711373725,3463848.004838629,1682101.1804890668,1938721.972088132,1399545.0326172567,2114851.7971392814
2022-11-14,1983245.3161304286,1514640.3172173514,3465236.387428026,1667792.2913789528,1921755.4170907133,1390835.5442531304,2100068.581004108
2022-11-15,1982420.960728033,1513654.207265143,3465699.3052785285,1682016.5045404895,1948349.3037550228,1402057.090180603,2110365.115566745
2022-11-16,1982050.2919143406,1513163.2327949652,3466162.2849698155,1669184.9347621568,1921755.417090713,1399110.435991037,2102494.2510361546
2022-11-17,1983693.1711781293,1514868.3558370888,3466625.326510148,1664077.723097392,1917513.8307583914,1394189.696068936,2103374.911239803
2022-11-18,1980007.8612767404,1510761.1600979478,3467088.4299077885,1671633.267793605,1917581.3438972451,1397184.0366177277,2103959.5598793495
2022-11-21,1980897.5468316185,1511470.3012900949,3468478.111327198,1665555.0424291736,1897855.1369321537,1393790.1751009547,2069802.4612442846
2022-11-22,1976736.2577793691,1506847.824340163,3468941.462236716,1687968.5910117298,1925189.361774389,1407919.6082462547,2085826.446833337
2022-11-23,1973219.2400055842,1502931.5675377732,3469404.8750448707,1698605.451744497,1944511.7479151573,1416595.0779360735,2102291.0786859603
2022-11-25,1972281.9998507884,1501738.5499050228,3470331.886390166,1698225.2850055732,1931719.6854474728,1416520.410933509,2099309.0369654745
2022-11-28,1981468.6531171885,1511477.9543478452,3471722.8678546418,1671126.96216149,1903375.2795400312,1402033.78092156,2088257.6257225387
2022-11-29,1987456.5157437846,1517916.5369326859,3472186.652228302,1668256.5955866545,1888967.7241069218,1398583.5518357372,2097247.445376602
2022-11-30,1987004.8136757137,1517336.7943277108,3472650.4985585045,1720807.6470054844,1975078.0070289066,1429376.5618075274,2125127.4122824892
2022-12-01,1983810.1589728394,1513764.8735148548,3473114.4068535264,1719541.4117553718,1977501.770647376,1433503.1477833858,2117846.094966689
2022-12-02,1987930.8431512036,1518170.1018065317,3473578.377121645,1717557.382931625,1969624.5388873506,1434888.3461950528,2122594.871136128
2022-12-05,1994698.9940264032,1525295.1475876833,3474970.659847378,1686659.9504773533,1936567.0030162781,1414892.1179972712,2119019.401756005
2022-12-06,1999453.5932675435,1530401.7064668136,3475434.878090685,1662347.0490196282,1896440.7157063582,1404320.740834656,2123512.2278613653
2022-12-07,2002997.4545039546,1534189.096761808,3475899.1583484947,1659519.0877290561,1888698.7198921728,1407890.6498901274,2114712.87759771
2022-12-08,2006092.0323791506,1537487.3769399708,3476363.5006290916,1672519.740164644,1911051.020224161,1412813.3661391488,2129420.841511897
2022-12-09,2008443.9784873952,1539974.427866414,3476827.904940761,1660025.6626010714,1898864.6889929606,1403125.9639042206,2125901.1309081265
2022-12-12,2013213.391769464,1544935.2971570517,3478221.490145079,1683958.531939823,1922698.0850170658,1415377.1721537,2129230.429068121
2022-12-13,2017288.2915072746,1549314.0866814489,3478686.1426639175,1696705.964249378,1943367.3792447762,1425587.3819096095,2150771.3267190703
2022-12-14,2016068.3816677607,1547886.9375597883,3479150.857255273,1685857.8848149918,1928959.6141435339,1421379.6738440325,2152218.258227664
2022-12-15,2022779.2399644216,1555158.9305536621,3479615.633927438,1644619.2170382491,1864191.660156464,1401352.53278792,2136082.3975650864
2022-12-16,2022992.2637179145,1555303.8617572247,3480080.4726887057,1625202.4431636198,1846417.4635103995,1389962.7729666126,2109808.2660176097
2022-12-19,2027055.461403437,1559498.8301270017,3481475.3615900753,1611421.3988776277,1820468.7256915937,1379477.2499232627,2102562.4258868876
2022-12-20,2034854.880531212,1567981.5741442153,3481940.4487907095,1613626.3390393963,1819051.7884482013,1376865.6921843817,2120662.824492147
2022-12-21,2034345.9297275145,1567331.5489145843,3482405.5981219294,1637753.8688259113,1845439.3616695546,1390734.4988107749,2117520.6585849803
2022-12-22,2030391.3799895402,1562889.352446554,3482870.8095920356,1614389.6341561452,1800290.2645634362,1378660.4142567571,2118202.423881032
2022-12-23,2028445.438849842,1560660.0389272063,3483336.083209329,1623675.8529301223,1804339.3755495849,1381511.5568324616,2117139.8508789623
2022-12-27,2041405.065575248,1574554.0095532355,3485197.799316431,1617272.9242461852,1778829.0537970613,1374237.9103781034,2114948.2675820612
2022-12-28,2038421.4233373816,1571176.2767525923,3485663.383794214,1597173.4926048834,1755343.9165420115,1363029.7044698757,2108898.745205987
2022-12-29,2040272.9243086232,1573125.0395406282,3486129.030469014,1625923.3329961048,1798130.6827926545,1379772.3905540467,2112527.109215923
2022-12-30,2043264.6254079945,1576330.2756038946,3486594.7393491394,1621640.533905409,1797051.31124353,1374986.6200978656,2111210.711105827
2023-01-03,2052844.0930700707,1586528.3578267535,3488458.1970891133,1614813.5523788335,1784903.3492806838,1374745.5093914634,2114954.9347710847
2023-01-04,2049771.4701790244,1583045.1560899985,3488924.217120538,1627280.3020925475,1793406.6500861032,1384157.4728133539,2122128.3489618977
2023-01-05,2050298.6477273959,1583536.152735735,3489390.299407165,1608707.4606847432,1765332.0870659428,1374226.9520750311,2121326.264941432
2023-01-06,2049950.4163346086,1583061.2706884358,3489856.4439573106,1645598.4425548688,1814057.912854368,1399135.8105939578,2125880.21027037
2023-01-09,2047468.6165329413,1580043.9206978823,3491255.251272042,1644665.795540965,1825800.5863159597,1400071.954166642,2135656.876563382
2023-01-10,2046492.1807425597,1578877.0001164663,3491721.6449594502,1656199.6290008745,1841254.5954012992,1403820.9027332377,2145161.1590369083
2023-01-11,2042294.3207371377,1574159.9398068623,3492188.100951977,1677146.7624676027,1873109.0555247264,1417935.4323053574,2163385.0703731296
2023-01-12,2048178.228636098,1580548.6716259227,3492654.6192579456,1683252.719541743,1883231.6233219653,1425134.182672608,2197411.334147334
2023-01-13,2048732.6104534445,1582166.8348321826,3487462.343541865,1689782.8640784717,1896189.533282921,1426348.2192478154,2233949.532422209
2023-01-17,2098111.8188835317,1595219.2391462186,3700608.363700177,1686687.6821870627,1900036.7338569085,1423752.81010301,2276749.0519933985
2023-01-18,2083282.0005473306,1594829.890238687,3615527.3950103656,1660058.2406289824,1875335.9407662284,1415918.641035263,2261703.5089330226
2023-01-19,2095261.2536845594,1595152.72939032,3683119.4769756207,1647973.138473643,1856911.9825757314,1408440.646238118,2274968.2328325626
2023-01-20,2136816.0669913734,1595383.6455229453,3925363.4881255785,1678673.7565609503,1907730.0866642178,1421885.2656947388,2326634.782915436
2023-01-23,2144230.704529161,1602038.0380123882,3932520.3611592725,1698815.189626666,1950111.7740817391,1430701.045127432,2335223.200622686
2023-01-24,2134626.5312535237,1601997.1352812257,3874041.105588348,1696991.8970232718,1946130.3859025768,1432301.7377251056,2326339.8449889286
2023-01-25,2145160.8885216047,1601464.4025176282,3940774.930533938,1697627.9762872292,1941810.8030247476,1433309.347741986,2341399.076811978
2023-01-26,2145195.1100084614,1603405.5143912062,3929839.1879679584,1716285.6282635613,1979671.416488545,1441790.3335638035,2339032.869571527
2023-01-27,2142600.990308467,1600393.725617613,3931222.349410809,1720228.7812202966,1999377.49531286,1442914.706269789,2340651.533066089
2023-01-30,2135153.375737472,1597632.9420891374,3899806.1021968643,1698645.568489611,1958952.6405814262,1430495.360221078,2334662.5131871067
2023-01-31,2140673.310540258,1597732.969571977,3932843.1402427796,1723621.2039614022,1988309.5339035382,1445465.5157365352,2344054.1773765176
2023-02-01,2150762.1523540835,1595866.590629312,4005346.789532979,1741939.6136636233,2030826.6669350332,1458760.0565761516,2362036.2543721506
2023-02-02,2155802.0573858796,1604434.3110283415,3986457.907231409,1767296.896693789,2103712.971035177,1472138.5010192886,2354733.1200647424
2023-02-03,2162650.718506389,1610340.958989913,3994428.6199012147,1748512.0288646657,2066324.5302070887,1457082.8060496836,2354274.6771368748
2023-02-06,2160469.064724749,1622506.199910642,3911271.210140991,1737826.4357099824,2048845.7559605418,1448528.7966009765,2334044.028223914
2023-02-07,2174150.606666424,1624398.3381740146,3983190.9386510584,1760554.456495841,2091295.375853183,1458903.2340335625,2349773.4039269052
2023-02-08,2168068.340976511,1624628.4933512243,3944730.349020125,1741303.534399666,2054109.6841097884,1450156.2367249215,2340148.556494258
2023-02-09,2145216.3914928045,1626442.579726968,3795857.9858093234,1726207.6570615952,2035955.778474706,1440333.296383955,2306079.5585522684
2023-02-10,2141564.302471001,1628270.145269791,3764365.0857061064,1730236.1590666582,2022593.4186850286,1439844.0935313897,2300972.9537516064
2023-02-13,2158317.426401017,1644272.521938079,3776104.6941920025,1750547.347889379,2054987.3549148848,1451740.8730751588,2306638.130284614
2023-02-14,2167917.8707615426,1641236.7789187802,3848360.3591794735,1749741.9167282665,2070171.940449209,1449281.3303050492,2319949.2852690993
2023-02-15,2218847.1197031387,1644673.4068343493,4130913.2999075097,1755423.9555797183,2086031.0283676703,1450985.6071617068,2385534.9724327703
2023-02-16,2201267.382726888,1641144.3213120725,4042499.6627007034,1731253.7512690395,2046888.5039381876,1436574.8758484852,2365609.2200612877
2023-02-17,2229291.7657137997,1649188.4764883115,4167816.2760159886,1726928.6815140296,2032446.5629312524,1435773.1436688656,2394133.2670289017
2023-02-21,2235197.201226478,1658951.544285643,4146825.9799443893,1692284.7758500366,1984327.936056243,1413100.0051842134,2391454.007006049
2023-02-22,2227947.594224161,1654935.4019184555,4125417.8314772137,1689952.7544554265,1985812.596106622,1413445.4213125561,2384410.9041587734
2023-02-23,2225172.2587078996,1654097.0161215288,4113164.3304110565,1698942.4054794565,2003156.973079861,1419989.6194353316,2377496.5200872207
2023-02-24,2209722.4027115433,1648922.1603783816,4047994.4997092597,1680793.7515342406,1969615.73282576,1407632.3337978132,2355399.8499102644
2023-02-27,2215697.570217899,1649406.211918066,4081615.943168607,1686518.1956699565,1983720.94681096,1411610.1813910464,2365974.9912836566
2023-02-28,2207615.9762247284,1647175.6322111443,4044870.7974376515,1680285.0227430246,1981156.4958751902,1408421.938668095,2354865.158152028
2023-03-01,2216144.48916565,1646177.4998234054,4102677.3840425066,1673839.1502950233,1965229.0561453437,1401953.4807621709,2370320.917733344
2023-03-02,2210922.034789385,1643696.4005830109,4084878.3575872066,1686857.572564017,1981493.013228793,1407333.7543859915,2365397.754757658
2023-03-03,2196160.5160228023,1646459.7908446884,3977943.349214814,1713910.7977248356,2022458.1827391882,1425317.7218889918,2331981.4817557894
2023-03-06,2196536.7618790558,1646016.871780941,3982641.0858147047,1715098.2803041728,2024752.790787677,1424500.695848122,2334735.776411361
2023-03-07,2192706.102907148,1644886.6684499995,3965870.005261125,1688808.081020203,1999917.390755556,1410634.2919547195,2328396.7364556068
2023-03-08,2187402.0047367993,1647501.5804085208,3919181.420470912,1691564.155257451,2009905.561279487,1411432.1243383468,2312842.946498809
2023-03-09,2161540.2109821397,1644206.5772477037,3783015.158736179,1660354.942998878,1975082.4100597012,1397852.9941730862,2269767.5855303667
2023-03-10,2158363.9114704193,1644194.5919814785,3764549.522244266,1636397.0343494185,1947344.783729409,1392267.4049148373,2264101.9216148662
2023-03-13,2255732.4833195596,1644955.1274578797,4344521.949090555,1634064.8783348585,1961787.7730770097,1395505.1915553862,2394622.1649614605
2023-03-14,2266687.3856597715,1644881.291625088,4415307.139037417,1661075.8328313632,2006868.7280398754,1406071.1672615341,2411131.4105721437
2023-03-15,2258444.2243471257,1646993.7633334668,4348552.926088988,1650687.076666527,2017396.7940065016,1406402.5415524724,2400538.295395474
2023-03-16,2269751.507820789,1646569.813836316,4423737.30441553,1679648.6742391675,2070577.01928233,1418997.7876436925,2420758.9327728306
2023-03-17,2311674.5260337405,1640764.4165730518,4732489.667529735,1660009.1043472153,2060790.7591705606,1412601.663712101,2489719.684941556
2023-03-20,2316572.0278966124,1645527.7536664975,4733432.2053750465,1675970.9918239184,2068104.8223251181,1418479.879435478,2500230.20867382
2023-03-21,2327612.8769798866,1650169.972600129,4777472.848734838,1697977.5842974917,2097642.0302416836,1427937.6401507503,2511500.8774941415
2023-03-22,2323744.651304331,1655788.8658112157,4713050.018195994,1669032.9488385567,2069118.5677485869,1418824.9158968842,2488514.390259441
2023-03-23,2331363.0767358793,1651861.489602448,4790640.1246253485,1673545.0057041773,2093654.3520185289,1422491.8214217327,2516811.4020761214
2023-03-24,2319787.7231801706,1649228.6041007084,4729170.857699445,1684526.8973689072,2101359.6559094246,1429059.8758839245,2494644.122984135
2023-03-27,2326585.245035942,1660196.2230701195,4701970.04845317,1687676.4657201339,2086963.003219236,1424499.2526385144,2486013.4214612986
2023-03-28,2326100.1703997576,1655891.3758585334,4727150.514378384,1683888.1257059488,2075877.6393548674,1421718.2645441769,2489769.9892609613
2023-03-29,2332970.13214249,1653846.1534557366,4787311.506305226,1708363.378823427,2113728.3984164093,1434806.8121236672,2519594.7734248233
2023-03-30,2329347.442193253,1652380.034002689,4772434.464520182,1718366.1795914876,2133735.770347968,1440484.653598847,2511434.504547479
2023-03-31,2327992.5964927096,1646429.2113812931,4803285.283860224,1742585.9240437825,2169221.8922045715,1455455.8418301083,2523627.080240841
2023-04-03,2314059.309678295,1638086.8763382365,4764255.94025622,1749226.4569395469,2163949.1579937353,1461313.8798023716,2505949.8050993457
2023-04-04,2324312.5308867446,1642426.2769812269,4805172.820553003,1739521.5701209332,2156649.7716084933,1458616.0622510728,2516406.3113249033
2023-04-05,2324062.4488600446,1640210.359787358,4818576.483769451,1734966.7041111984,2135357.972693652,1458304.4908599725,2516906.8059025113
2023-04-06,2321688.3776157345,1640505.7981341681,4800143.767964768,1741734.8567196047,2149755.2543882397,1461195.6602064788,2513555.6205501505
2023-04-10,2354431.5166283865,1647581.4207448007,4977408.086915445,1743522.6096561875,2148538.5502119437,1458080.1296494626,2557541.2031158074
2023-04-11,2357653.6752316705,1644772.7643312244,5019912.678637371,1743990.6832224901,2134750.1447758363,1458666.0180087972,2572841.4693374056
2023-04-12,2366648.8797886437,1652548.0154371567,5028383.713829413,1736882.076760423,2115891.963881719,1455800.1648115874,2570631.18660843
2023-04-13,2380979.9969005203,1655826.1331741149,5106606.504564428,1759952.7053191434,2157325.7416695603,1467169.1998492612,2577524.727004838
2023-04-14,2385078.7136724573,1651853.31074973,5164497.558791536,1755653.4825945417,2153269.711635019,1462140.0572297769,2579969.4259667266
2023-04-17,2374004.967444602,1658582.3917366369,5035800.337002921,1761953.1577767956,2155094.6630653962,1462346.0051242593,2554180.282728472
2023-04-18,2399444.992736228,1666762.0647784122,5157731.690158338,1763102.54291027,2155229.899011237,1463746.4464360592,2579206.4247723725
2023-04-19,2366948.799630784,1673078.4229117662,4879284.135837655,1762804.3597209228,2154216.153587768,1462711.0548390737,2539359.622032666
2023-04-20,2356905.942391493,1671422.9687642076,4821540.592110533,1753184.9565705874,2137791.8003825084,1460584.2839066375,2524354.640271427
2023-04-21,2332593.344178053,1671650.029792115,4654224.02631673,1754546.9066051813,2140021.830646006,1460265.2403798345,2498608.635271061
2023-04-24,2333686.348251339,1669760.3355841173,4673287.891621033,1756377.1994459778,2135561.1411146102,1463476.4392192627,2506236.8675401183
2023-04-25,2357844.1115323207,1681644.8670308606,4756932.047068783,1728496.7346921396,2095275.9253598114,1453183.3782948165,2527839.0700078863
2023-04-26,2360368.2558232946,1682658.4582027113,4767216.7568835,1721175.5633289532,2107983.701237996,1447343.4951555764,2531159.0415699612
2023-04-27,2369674.395240474,1674456.6243097626,4884088.186051735,1755440.6484535227,2165301.7271202686,1462543.4388818368,2559476.8006791486
2023-04-28,2364392.5857824967,1672243.970481508,4862859.877949455,1770423.4450335565,2180238.904257552,1473033.0740318554,2556237.5764863817
2023-05-01,2339043.239535626,1665640.8055256705,4733917.032365242,1768635.9613368742,2177738.4021023735,1466107.7558622686,2524259.9112327285
2023-05-02,2348129.092521699,1664715.8929490708,4801345.90395609,1748758.1141333443,2158745.1949305492,1461925.6075153358,2540373.0757802455
2023-05-03,2356491.1602507653,1666735.7414697576,4844747.371840849,1736754.4570477814,2144618.1754595083,1458486.689699541,2549267.1761391964
2023-05-04,2352613.8542113244,1666644.812962607,4818792.699896112,1724453.1552526716,2137048.526850719,1451589.13936434,2545323.9793523005
2023-05-05,2366292.3716730326,1663537.7186476232,4933145.469123949,1756377.199445978,2182469.7731935824,1465854.0805916393,2563738.2140652356
2023-05-08,2335304.7654208583,1664277.5682263616,4714900.997172537,1756845.4076322308,2187876.904677727,1462852.3929239176,2515825.833434774
2023-05-09,2329822.3265515133,1659134.4033342015,4712002.857736971,1749140.8386513195,2174020.986102766,1458471.7613324926,2515093.6715110303
2023-05-10,2326326.20234652,1656469.4366686896,4706093.54279734,1757313.7504384334,2197678.051226946,1466331.6289368235,2514318.975494027
2023-05-11,2318691.709053561,1659762.877529296,4632779.798007324,1754248.8580357842,2204842.830670747,1466562.9266911675,2497596.716534647
2023-05-12,2310969.300133397,1653646.090804465,4621186.015334003,1751950.491628685,2196934.5680270246,1462123.4773589163,2492396.8036424215
2023-05-15,2320917.6710347245,1656538.3733446973,4668610.743506691,1757994.523525805,2208830.2992257685,1463678.8465090154,2503891.35329456
2023-05-16,2320670.158725517,1658125.7951073695,4656512.230273677,1746246.5097253753,2211331.6400534795,1456451.7133932917,2499814.9875630173
2023-05-17,2322237.471156363,1654091.2685537697,4693432.163653722,1767444.3055390853,2238097.4545869194,1466176.258045926,2510094.158204256
2023-05-18,2317366.057348412,1660103.0548999927,4620811.146383631,1784470.6329607854,2279666.2586524687,1471919.1128753962,2494756.629694777
2023-05-19,2324364.922285761,1665268.3427492175,4633783.038351668,1781873.9487443888,2274529.5990600046,1469316.254015219,2496605.472463083
2023-05-22,2315605.2236126936,1656385.2821072224,4633086.216973444,1782597.6655958248,2282167.8091483125,1469134.8993161747,2496298.010783102
2023-05-23,2330026.559225253,1661024.0848944054,4698991.86752371,1762591.5255799035,2253238.429149562,1459901.8943665742,2506974.9357530978
2023-05-24,2317653.452296259,1668733.899121189,4564923.241610885,1749822.150218491,2241679.8443088196,1452067.6406328368,2482598.6258982862
2023-05-25,2322421.17203882,1670570.0717517724,4584505.166661675,1764975.2410353303,2296226.4768079673,1457475.450073759,2486829.417270859
2023-05-26,2334463.6320425263,1676378.806804994,4626550.211039086,1787833.0354530313,2354896.0234761094,1469279.2234314128,2493911.6078966614
2023-05-30,2359203.3796061045,1677219.2048650873,4783534.116242496,1788513.9431603535,2365575.679502957,1473530.2318247603,2522602.8254989544
2023-05-31,2343003.2032323517,1671410.6194114846,4712697.266797118,1778596.4914406205,2352124.6300929845,1470728.189708893,2509652.415795418
2023-06-01,2339703.83694927,1675940.9232254052,4660771.112420982,1795494.9299097788,2379297.2008046103,1480895.2192588067,2498831.797445227
2023-06-02,2357341.684691362,1682083.526248726,4738029.2836735435,1821459.8873944422,2397141.216938993,1490620.8784690262,2511073.7709764396
2023-06-05,2316328.180326164,1674839.44911884,4510788.566513713,1817969.3267097545,2398831.1420916626,1488846.2717958714,2470471.9741553636
2023-06-06,2325781.964226453,1672700.713341663,4585596.266880286,1821927.691720845,2398425.8535904083,1491519.8257376407,2513246.1307451827
2023-06-07,2309905.492155191,1663386.6574134245,4540833.167293309,1815628.2857784915,2357735.1396662216,1485266.5015589916,2488768.715644004
2023-06-08,2314338.897209916,1667345.948433333,4544664.422752549,1826610.0428232714,2387002.08535924,1493819.2708154272,2493598.6335265315
2023-06-09,2315008.364476426,1668592.7667692357,4541116.842145625,1829887.63474699,2396127.471515524,1494028.1817333305,2493046.101753917
2023-06-12,2316574.5459455797,1677793.9677402072,4493125.251339473,1846487.8900268013,2436614.807350618,1503197.1962375776,2477448.22555047
2023-06-13,2314201.829547247,1675235.709500085,4493770.877783686,1858661.8413491698,2455337.7522988953,1506325.2581022459,2478145.5512179057
2023-06-14,2315132.2192896856,1676260.417201447,4493379.306031841,1860875.2625677914,2473181.768433278,1507956.6163752296,2455600.959987735
2023-06-15,2311623.768553679,1672503.2923884885,4494180.897435471,1883945.8911265116,2502652.3018835215,1523368.8776802628,2469075.4285983485
2023-06-16,2308663.487105545,1669918.494160264,4491203.049907278,1877528.5581079198,2486903.0800667973,1518336.892837837,2491058.145506038
2023-06-20,2318509.4874517415,1676693.0386156307,4512508.144873506,1867787.5931426943,2483343.1248351373,1514724.3754554524,2548226.470423607
2023-06-21,2322958.1402302226,1680898.0542137283,4514963.0993828885,1858217.5955140248,2449500.1721375263,1511053.7911869115,2594337.1365195904
2023-06-22,2326891.672014769,1684874.831643367,4515523.307382952,1864925.3037648613,2478402.0856108423,1511196.3764957718,2591598.5586464307
2023-06-23,2329029.676234567,1687706.8399244733,4511643.491087684,1850826.2871568652,2453832.335103341,1506130.9064665476,2612197.502996084
2023-06-26,2336230.395373281,1697643.2266353962,4496239.070757682,1843264.28070305,2420937.711371676,1503174.3182787916,2602062.703822106
2023-06-27,2344740.441097213,1706127.3438039245,4498402.210039325,1863472.6198839375,2462563.335501291,1511901.0375234277,2613060.300504512
2023-06-28,2341379.221198324,1702681.4716084767,4498106.486364736,1864412.6709950939,2467369.348447879,1514144.7801811427,2597928.876422817
2023-06-29,2341041.4850365883,1702206.7741714641,4498869.802315928,1871761.035588189,2462427.8898873175,1513051.4399973683,2607474.3759480636
2023-06-30,2335134.5514948354,1696950.8861135803,4493443.804773309,1893849.2077514892,2500399.208125384,1525188.7498763513,2608537.8341821786
2023-07-03,2345886.960903641,1705681.6330941212,4508459.732412042,1896027.8970229994,2506287.737643093,1525523.552323943,2626665.2035807
2023-07-05,2344208.9767059498,1704098.86152747,4507470.7603116,1893208.14754938,2506220.224504239,1521410.7577736657,2610853.352877157
2023-07-06,2343352.427993218,1703179.9674303154,4507652.093463455,1878382.9909308474,2487132.6666725264,1510315.706934284,2595572.4071072848
2023-07-07,2340323.371000258,1700646.147159583,4503877.278155545,1873640.5993307014,2478875.725923483,1508152.9928883344,2607086.139870479
2023-07-10,2329793.5742297205,1690325.7241453263,4500106.481668343,1878382.9909308476,2479687.56093479,1512130.746228073,2609700.4376033796
2023-07-11,2331032.516548129,1691399.34815612,4501414.083165227,1890345.588931647,2491938.679619114,1519220.9966943765,2615259.56695689
2023-07-12,2331752.8643694147,1692094.8177798067,4501732.171047142,1905555.220127505,2523412.1727447254,1531503.930006763,2609628.8225420327
2023-07-13,2329819.812724548,1689919.502032551,4502795.940300675,1920679.3676550854,2566256.1783957006,1542617.9825867745,2637807.053567135
2023-07-14,2325219.005181392,1686254.9813184459,4495939.276136153,1919483.2693989454,2565714.6056079403,1539094.5622676897,2609343.089624656
2023-07-17,2321494.5494444817,1684429.8583026133,4483230.161261914,1926147.899265768,2589675.0605206955,1542992.4145409276,2605211.7883697534
2023-07-18,2328255.1159103704,1691593.8329589232,4482259.12334961,1940460.2884945835,2610859.9286876633,1550375.2079188973,2597954.325813279
2023-07-19,2331377.6493541305,1694738.8646551047,4482852.260769484,1944775.39637329,2610251.0524291825,1554339.615632377,2599694.6471562157
2023-07-20,2330562.4751833836,1693804.6360666074,4483393.537448505,1931873.0165012344,2550079.443255615,1544931.014067279,2596759.3903841116
2023-07-21,2325393.2740084296,1689512.7181775218,4476753.908237989,1931873.0165012344,2542431.588433185,1545372.8756678659,2600054.5393820954
2023-07-24,2330453.942990302,1699093.006275841,4450060.026713919,1940503.0976386976,2546492.4408347867,1548379.3175987971,2581817.3352141962
2023-07-25,2329976.660218809,1698433.6514354916,4451051.522196816,1945800.9311527247,2563752.111882259,1550219.122141543,2583398.6916560894
2023-07-26,2334992.48593237,1703508.3327203656,4451960.052212151,1946099.922061772,2555223.860569003,1552393.0225407302,2587023.3505597026
2023-07-27,2337026.5530412546,1705549.5762043712,4452440.012258918,1933197.4075697663,2549131.952962201,1540896.2633379598,2583450.6104686637
2023-07-28,2344756.90482828,1714689.1091104231,4445860.501195006,1952123.8955863356,2595563.7997065373,1552357.8351466355,2586572.48367963
2023-07-31,2341374.8732119747,1711046.8179975443,4446489.539141459,1955841.0216469474,2596917.2075056047,1554895.264786413,2584939.3558619856
2023-08-01,2351000.126555183,1720626.1641028181,4449334.848949627,1950243.9279839727,2590893.651710189,1548107.3314124886,2597003.513309452
2023-08-02,2348511.1192968315,1718101.916312562,4448863.736106693,1923114.6425513795,2534038.573065769,1533714.4809231064,2583495.3167366856
2023-08-03,2340120.210216675,1709234.590637103,4449455.715525386,1917603.436416533,2529977.301327901,1526946.695357185,2584447.315535616
2023-08-04,2339145.310162981,1709310.463785534,4442816.005667002,1908930.4115150059,2518132.309817364,1527834.8601147179,2581909.889949477
2023-08-07,2346618.0319483774,1717288.2223776302,4441737.5794970365,1925592.726591787,2539453.042934571,1535962.804333276,2585474.6157657537
2023-08-08,2347790.4153770222,1717850.1033268496,4445743.612058693,1917218.8272192576,2517861.8379256832,1533416.3526001186,2601263.8587998296
2023-08-09,2350845.936304195,1721015.0658298961,4445917.991881807,1904401.7963955295,2490178.725309994,1527708.6777679997,2596158.7741585816
2023-08-10,2358041.155525243,1728457.555713779,4446415.339265253,1905085.3965018524,2494781.360167489,1524068.866968089,2592926.3564868337
2023-08-11,2357320.137070369,1728804.5023421764,4439800.875617357,1903974.3780541404,2478875.7259234833,1521637.8135709132,2592326.261056233
2023-08-14,2364164.421375918,1736122.2684455467,4438925.637054279,1914484.6960338661,2506694.074485013,1526234.225166445,2593348.0881776903
2023-08-15,2364938.5334702553,1737081.7994206238,4438046.069976998,1892182.7473898965,2480093.8977767103,1513913.1738279716,2587291.743649309
2023-08-16,2365603.113565662,1737829.5868739001,4437745.3815427795,1878297.6418825204,2453832.335103341,1505792.821848435,2575065.6524969167
2023-08-17,2362265.373704171,1734473.3836651128,4436871.682702955,1863985.252653705,2427029.1996422117,1498277.8569226686,2520473.645023216
2023-08-18,2367123.191519246,1740358.4554477653,4432158.570803174,1864882.4946207474,2423983.7700091433,1500029.6284171408,2503269.5958519587
2023-08-21,2373413.9459937494,1745434.3580380313,4441209.60920283,1877015.7907182022,2463037.395150197,1502873.4679656366,2506126.1963608963
2023-08-22,2373646.270835872,1745654.5917780746,4441351.171695733,1871931.8683047951,2459518.115536356,1501062.903411223,2503698.902647013
2023-08-23,2371263.104464776,1742940.4293683355,4442600.031225429,1892780.8638279412,2498301.059117596,1516830.9277131918,2515474.0597351296
2023-08-24,2370989.203713384,1742579.1831263592,4443038.003381295,1866548.6857424404,2444898.1662844303,1502829.370337195,2508021.5060240896
2023-08-25,2372807.4145161477,1745264.039052553,4438422.304446488,1879707.9204791798,2463849.4398296373,1508810.6208100086,2504957.221613428
2023-08-28,2383045.805004926,1755985.9374020218,4438667.492661541,1891627.4400959653,2482395.4248735895,1515873.1815988778,2507349.519509898
2023-08-29,2382647.3487231047,1754168.8673070418,4446910.775033456,1918970.5020092283,2536610.1527180625,1532932.7154331224,2554297.3570933896
2023-08-30,2384210.4884522012,1755826.9799588653,4446827.511449992,1926874.3085162048,2550756.4616573476,1536467.53239662,2542648.9945661775
2023-08-31,2380845.8855017815,1752315.3259989475,4446661.464792596,1924054.8282824857,2558404.9454841767,1536008.6463209996,2504721.0496175447
2023-09-01,2384119.0247568474,1756289.343805728,4443508.38452134,1927643.2576708554,2555697.7105497755,1534545.2914431053,2501166.585725176
2023-09-05,2394545.509644507,1765805.8175597508,4452094.531214847,1919312.3020623897,2558946.5182719366,1527242.6726969332,2501514.5825305013
2023-09-06,2383435.046018643,1754006.3756718067,4452652.895363036,1906409.7875703839,2536407.403633369,1520506.984240499,2500969.927266741
2023-09-07,2384328.336374841,1754810.6021628256,4453451.928879878,1900556.646762426,2518267.7554313364,1519617.9274022214,2515390.7899399153
2023-09-08,2378186.1080763615,1749056.9996914514,4449281.250533699,1903419.070760209,2521787.454381444,1521308.6770243857,2506005.2579112826
2023-09-11,2390970.015606235,1764239.3216512688,4438984.037227391,1915937.37991479,2551500.7835298013,1526612.902555548,2485102.734072278
2023-09-12,2392458.4798533865,1765201.2697293854,4442547.98027306,1905427.0619350637,2523209.0043237642,1521779.6667852162,2505206.620875422
2023-09-13,2392200.3067321363,1764726.8123125813,4443736.175296101,1907648.8295905879,2532819.9818762746,1523734.6964670687,2516931.941062823
2023-09-14,2394391.6705715647,1766907.7198820035,4444491.050843983,1924097.5028066495,2553531.629066868,1530791.0085800085,2526130.6585231447
2023-09-15,2397791.2133029066,1770388.833277154,4445093.620294839,1900915.1396893929,2509807.646261333,1518317.591250667,2528337.732632213
2023-09-18,2407738.150143995,1780574.997466686,4446875.306610762,1902029.7928757563,2512423.6755578415,1519742.0767032446,2533209.2597663505
2023-09-19,2404514.399714297,1777067.2924000926,4447469.360732396,1898085.4283394706,2507069.170775102,1516071.2997868047,2546422.6976748607
2023-09-20,2406380.644538018,1778935.917634796,4448063.494213193,1880635.7211748825,2470941.045094991,1507390.6602351107,2544439.897583873
2023-09-21,2411960.429988878,1784726.7841644073,4448657.707063753,1849551.8400898,2425661.9537463593,1488329.2483906501,2528799.706680876
2023-09-22,2415673.2442652723,1788549.3066914384,4449251.999294681,1845393.0259730944,2426000.987117559,1488837.2327453059,2529377.0008160667
2023-09-25,2408900.203104512,1781081.7490227008,4451035.352375714,1853153.3276133242,2437523.9283756763,1487894.6430973238,2522070.6373994574
2023-09-26,2409386.0556820254,1781492.9598015118,4451629.962234166,1825928.0581563495,2400921.743046659,1474021.8839309302,2519969.438677324
2023-09-27,2414923.800753471,1787240.3826473895,4452224.651526022,1826656.8905658869,2406547.3487254786,1472308.8157289054,2524111.3569843634
2023-09-28,2410167.769758746,1782109.7009072204,4452819.420261891,1837247.0381759892,2426679.2635280904,1479187.2684467467,2543565.9226583787
2023-09-29,2412838.150076767,1784828.4053941634,4453414.268452386,1832787.8869507357,2428441.3145185416,1476467.60075976,2540702.3624953697
2023-10-02,2421859.3597789533,1794058.9598370492,4455199.289857787,1832059.3237810982,2448708.255598861,1472003.359705106,2559254.3392683677
2023-10-03,2428999.712169242,1801512.5490969005,4455794.455972948,1807535.0690018039,2405734.4653735054,1455565.3137269279,2556682.373816522
2023-10-04,2431780.6774950423,1804355.914262684,4456389.701595822,1820697.5346173446,2438473.0960141546,1466020.7831881153,2567251.168960398
2023-10-05,2436135.7913021687,1808868.966201103,4456985.02673703,1820011.376731971,2431288.1884295777,1466067.175515541,2556866.9530597427
2023-10-06,2439247.81651617,1812066.443179817,4457580.431407195,1841620.1672531648,2472025.6583474423,1474243.7475192454,2571953.914556103
2023-10-09,2446373.504475334,1819306.03895461,4459367.122697677,1853410.8555777583,2484632.5838536127,1486010.506447988,2562651.387726052
2023-10-10,2445968.465772572,1818771.5691376403,4459962.845589926,1863057.4519580025,2498392.6840917533,1490080.1330487689,2557521.3755994216
2023-10-11,2445479.2289253175,1818147.7451008337,4460558.648064265,1870688.9223060403,2516219.926775489,1496480.1617483313,2543259.138616056
2023-10-12,2442042.480956674,1814393.4669611338,4461154.530131328,1859284.189378223,2507475.7172851544,1485850.709238197,2540188.7283314844
2023-10-13,2434767.684743209,1806568.099550077,4461750.491801747,1850023.548394754,2475956.726174664,1483960.1159379426,2543433.167500219
2023-10-16,2434442.1324705034,1805911.5190283007,4463538.854539487,1869488.2469715993,2503950.9862998524,1490031.746872171,2590929.6525491383
2023-10-17,2428878.8906200603,1799912.5410177102,4464135.134729685,1869402.4940634214,2495748.9786016773,1485702.3021653006,2588345.151734626
2023-10-18,2435671.395993143,1807000.2962593473,4464731.494576424,1844492.6877472014,2463010.347961028,1471060.0458111472,2586198.685288911
2023-10-19,2437539.850885516,1808877.109637634,4465327.934090345,1828286.0612013186,2439964.465444792,1461066.6877822978,2597162.0072053177
2023-10-20,2436354.8678893438,1808405.0713184602,4460810.966998585,1805820.1454581954,2403565.0292004687,1452398.484909348,2623534.269745834
2023-10-23,2437161.5710359374,1798493.8108491148,4523117.887597504,1802690.366239625,2410817.8692601654,1453161.4517327906,2713920.7202732507
2023-10-24,2436038.352860559,1796691.5372741988,4526745.423530934,1816281.4617761052,2434270.5079545868,1461811.8291307127,2734236.9923712644
2023-10-25,2436896.4091723715,1797363.3673528235,4528110.779945887,1790213.789269558,2374689.953248188,1444870.892693989,2749041.3801078894
2023-10-26,2436824.9125269335,1797211.2952442663,4528561.880679586,1768776.6391846703,2329411.07156769,1438384.819721779,2741023.988457502
2023-10-27,2430700.0053504063,1791500.8010295813,4524195.06526267,1760759.0788199068,2340595.6084590075,1434286.2451582816,2735337.5528101125
2023-10-30,2431905.663776968,1788952.387799177,4546714.094709042,1781810.4081279691,2366962.843871452,1443211.954445614,2750418.445309217
2023-10-31,2440781.662926927,1797933.6978078466,4548767.866180474,1793000.6914753667,2378282.4070404763,1448275.375796494,2754631.6214685007
2023-11-01,2445275.9441533047,1801388.1701599078,4556294.239524194,1812122.51303945,2419562.0787505,1463944.2195384644,2773231.4348519268
2023-11-02,2442476.3104633996,1800624.382184096,4543413.360687393,1846850.96003207,2463485.0366143337,1484301.8080748357,2761775.341174729
2023-11-03,2435438.7010392016,1793955.9358942087,4539037.197747221,1863700.2622194625,2492428.045041735,1496042.056021892,2757150.420638195
2023-11-06,2434996.1036427985,1785227.7944111465,4587952.673356469,1867988.04224831,2502595.4818194546,1495120.8099837545,2765197.248546276
2023-11-07,2435341.375194177,1782453.7768027424,4606755.736087548,1873304.0494555926,2526251.2889348357,1500864.5577255068,2775072.983119967
2023-11-08,2438292.7909555957,1783372.2767179464,4619826.636284244,1874675.9613664895,2527878.103979447,1503563.292278051,2780305.3854101566
2023-11-09,2462294.5551096452,1781238.9438981488,4784308.490099739,1860055.9655518238,2508424.884923633,1491501.6771487696,2804843.9731018567
2023-11-10,2466159.7350282646,1782284.1598401554,4802791.758464513,1889081.6422206853,2564819.5323477974,1506866.559262042,2819343.5587307247
2023-11-13,2460366.030181511,1785865.437696051,4742843.3622377105,1887281.1003888482,2556821.322074981,1505940.597003676,2801666.514614778
2023-11-14,2442793.393436405,1782906.1522396985,4648265.629750523,1923895.9767414338,2611860.465018747,1531036.3489447166,2779715.0678774193
2023-11-15,2476278.1793074873,1787444.0717367283,4833048.347032591,1927968.9033300118,2613826.103766424,1529182.9754297098,2834953.693724237
2023-11-16,2449540.953895421,1783869.183593255,4681655.633300584,1930327.1756148809,2616063.0530783143,1533669.500414272,2796471.2519970154
2023-11-17,2449579.372567831,1779456.5014473973,4708922.291371571,1932727.8531840136,2616673.6066818596,1536040.2693323607,2806987.005181246
2023-11-20,2455701.777648882,1771028.1258307847,4800466.366609821,1947605.3769631132,2648531.00215915,1544102.0270239755,2828006.6794638764
2023-11-21,2437006.7786948713,1776341.210208277,4645044.95278867,1943360.6753182798,2633144.296544531,1542730.2170755179,2790620.9270802983
2023-11-22,2461143.212255352,1772558.241836448,4821477.371415447,1950863.5836140253,2643921.4482532633,1546885.5503235543,2828716.6972385067
2023-11-24,2470533.6514331754,1779164.4483936122,4840715.9612034,1952063.8550886167,2640193.968183268,1544608.4257034324,2835800.34830342
2023-11-27,2457904.930189221,1773913.6202491638,4791535.28235809,1948548.3897131707,2637889.086396258,1546445.8652346625,2826068.602467475
2023-11-28,2462169.2236061725,1771486.987051149,4834539.285170672,1950477.7628372,2644802.893084755,1550079.8170311004,2839462.2226375667
2023-11-29,2470092.518211958,1780672.709294135,4827904.551496608,1949105.7163063528,2642227.329737932,1552457.6581974602,2840344.851211976
2023-11-30,2462755.324416644,1772826.172793694,4829741.381306098,1956780.2650384044,2635584.833613647,1554067.6814330555,2837330.06515601
2023-12-01,2475904.1551427175,1775151.041622375,4900917.267084393,1968356.5037825778,2643108.3552331575,1565049.8577538393,2859624.3769654837
2023-12-04,2515422.4500838304,1776622.1164326235,5154837.188481297,1958023.6148970097,2618570.893618151,1557728.4158510214,2932262.5799258905
2023-12-05,2540066.7426508227,1781157.4997684378,5292476.650741756,1957637.794120184,2625145.876603582,1561678.3736068923,2976553.115251778
2023-12-06,2535004.6603073184,1782476.6927383565,5248172.622076051,1949748.9304276623,2609962.549078056,1559510.5965896277,2970061.323336625
2023-12-07,2541923.3619355676,1784975.9273568362,5278748.237820979,1964626.3195868118,2646429.9177974993,1566842.7914187626,2961096.539777273
2023-12-08,2552537.70473967,1788708.4548510355,5326467.367656697,1973072.509872515,2658223.7502835635,1567730.728924396,2979305.899547316
2023-12-11,2521277.307238686,1792844.31487844,5081018.647335234,1980746.9239846165,2680930.8090967326,1571454.2334478304,2920673.145852887
2023-12-12,2526589.505688173,1797883.6198401537,5083379.556882132,1989793.5192475154,2702282.3634295035,1577641.8071522515,2925330.9173371326
2023-12-13,2549564.997285333,1803084.8284131167,5203150.874762766,2017232.96904501,2736648.22845103,1598616.7745822056,2956103.678398126
2023-12-14,2549182.7142410674,1797383.8036840423,5238936.959873219,2023707.1116825205,2734275.6238570334,1606856.2139727555,2959134.8525597127
2023-12-15,2532426.177989099,1797496.5522462304,5123379.8423614735,2020375.1332989843,2747493.312634882,1603774.4172567267,2936833.9511192203
2023-12-18,2538439.6500025215,1797478.6434974393,5163553.27174114,2031739.7494816887,2764798.9010035,1607886.9369069254,2952587.2576353014
2023-12-19,2529956.069037438,1794511.0938241782,5125921.645533523,2044094.360777016,2778925.7108064075,1614536.9201977998,2945527.2886382095
2023-12-20,2543333.6369704804,1794571.2942035387,5215867.6485147355,2015768.9770882828,2737631.781663334,1603470.86737109,2974687.4090855164
2023-12-21,2539818.1539681144,1786652.476277308,5245539.360450672,2034882.452215463,2769485.403114229,1612528.4861395357,2979399.829447889
2023-12-22,2546526.7124345605,1786585.870194582,5292180.068897587,2038971.802437946,2773628.2357558673,1613625.5757671606,2982301.680284683
2023-12-26,2534288.8807840045,1791594.5659444293,5172938.980036904,2047581.2867230526,2790607.3708412717,1619019.6938679563,2953358.8618847523
2023-12-27,2546325.2924559065,1786818.9621836802,5287007.734592319,2051283.6045891594,2796288.748243492,1624896.076692694,2972856.410962412
2023-12-28,2534012.461731157,1782766.9170218238,5229765.131443474,2052058.2077817116,2794929.050400432,1623829.5553298418,2956402.926956453
2023-12-29,2523914.2159094457,1779800.8813438048,5180597.090903111,2046117.8332461251,2782833.7151389904,1619768.1233082581,2945684.320630507
2024-01-02,2569736.219662415,1795353.0639597434,5388448.601536562,2034666.9256754427,2735741.6234435677,1611260.753509004,3006150.518306786
2024-01-03,2539695.1592206447,1794077.4104579815,5187406.357475108,2018050.516001626,2706793.582980973,1603692.029919491,2964109.732585556
2024-01-04,2561600.2983497186,1799497.0150772645,5299982.135920273,2011550.2570938072,2692863.2322187666,1597996.425317024,2992024.7871616324
2024-01-05,2557996.568594946,1796044.0151171573,5298858.206770597,2014305.2543714556,2696056.687553793,1597816.0158687243,2991954.505535535
2024-01-08,2603193.485907642,1811212.5479702302,5504255.601207789,2043061.4219003296,2751778.719607018,1613910.3211825616,3050084.753124822
2024-01-09,2600571.394565847,1814788.1081371622,5460420.680822636,2039961.9321705194,2757215.2046297938,1612310.1828152554,3034185.799581737
2024-01-10,2625562.41165591,1818840.8295212826,5606880.124181507,2051498.7272693296,2775902.2963273134,1616537.596980686,3044097.840066058
2024-01-11,2633563.25002167,1826560.5819892779,5608305.350220904,2050594.888924735,2781678.4437256884,1619791.9755482038,3039306.10194368
2024-01-12,2592877.646329342,1822907.4608252994,5345670.646394437,2052015.1293976977,2783105.654707602,1621643.8894736248,2970463.139029781
2024-01-16,2601670.692291903,1826155.8065165386,5383114.705431095,2044481.7969932423,2782833.7151389904,1613228.1235554481,2978187.662067494
2024-01-17,2595808.6568650324,1825832.4663984561,5344908.249732384,2033117.3154304877,2767136.281351139,1606076.6311832531,2969930.272174072
2024-01-18,2578921.3219684255,1821980.0835740783,5255315.763905434,2051197.4478211314,2806413.203053929,1614056.5338176873,2939344.7264838074
2024-01-19,2576013.3103285166,1815358.0497973203,5280130.670913304,2076767.9688521668,2862067.7219683,1626261.0770522656,2947235.0279582106
2024-01-22,2561889.474332839,1824418.950018539,5122634.522361433,2081158.8677627482,2865805.056440551,1629518.7556383112,2903154.124880821
2024-01-23,2564367.828910648,1828038.763784497,5115437.721807294,2087228.4774503766,2877697.013612899,1630777.160316839,2910880.9172175075
2024-01-24,2571673.561463241,1834114.4587327342,5124345.5962021155,2089510.4202235704,2893665.7579649636,1630381.7213626853,2916227.241636009
2024-01-25,2566887.8240018236,1832402.7123020496,5103717.623898415,2100874.901786325,2897199.5046799886,1638638.0626898184,2913372.5077120173
2024-01-26,2583392.2698442526,1832706.7463870812,5211127.145151652,2098205.9266567547,2879939.204628117,1636654.816555636,2954858.612754219
2024-01-29,2590440.0160098784,1826485.5145525278,5299971.863875282,2114822.4709505215,2909431.1242279354,1647034.9926815152,2986796.8707609796
2024-01-30,2590725.339750225,1827584.5902502104,5294476.225489358,2113186.8385574883,2890064.0787748196,1647542.0610067805,2980128.7074138317
2024-01-31,2584190.4970418173,1826776.8716363227,5255420.16018558,2078705.2845532484,2833458.924545038,1634417.9255989129,2972705.9268982983
2024-02-01,2584639.0684665167,1822575.1171990442,5286666.211532927,2105911.707217217,2866824.2532354803,1650978.097886102,2983312.3779413975
2024-02-02,2587714.4080770873,1824990.2670898603,5291287.837711853,2128081.593690194,2915275.2041014303,1655358.9003550382,2985878.6314872503
2024-02-05,2587132.6083249515,1830389.8034646406,5250831.6650367025,2120332.4655058184,2911469.727485927,1646294.9627446684,2975767.9611261724
2024-02-06,2596463.4573805393,1829672.3529625877,5318760.160455943,2126488.635821325,2905625.647612432,1652602.0649636,2984961.340278618
2024-02-07,2614061.833010527,1830912.8399814432,5430511.514416114,2144224.275759806,2935525.3717311025,1659525.1499898212,3010879.065301649
2024-02-08,2623384.2427727203,1830782.5550612295,5495968.463905499,2145171.461728315,2940961.647085746,1657932.1072668994,3031202.4598919083
2024-02-09,2643949.866009877,1828381.822555012,5656400.709940355,2157569.286027606,2969909.8972164737,1663477.3826412414,3068534.2147035184
2024-02-12,2689449.090521455,1834896.415727755,5935745.976642427,2156622.2346790475,2958289.6699446044,1663175.7844554568,3123656.7494221283
2024-02-13,2693122.053742741,1841455.0138937612,5913262.0581224905,2126918.8811816648,2912149.2619052576,1643300.0028736463,3119901.308734994
2024-02-14,2714479.4110677443,1834321.797829612,6123023.4642333165,2146247.6136089657,2943883.582188427,1655181.6628374064,3159411.075814672
2024-02-15,2717458.2391034444,1833177.3158274,6154335.242994815,2161056.3465935932,2952649.597164602,1663601.0334285898,3161752.240192766
2024-02-16,2716609.0779175884,1831935.0848914017,6157655.775704456,2150294.1546873352,2925875.8152421047,1656512.2218960521,3166095.7484379807
2024-02-20,2736330.8744926346,1834510.7713023396,6286389.0124382535,2138455.9455203763,2903791.2611160665,1651654.6311909817,3169651.8142848196
2024-02-21,2730335.4959939513,1835985.7527688222,6228683.280035173,2140393.126601508,2892170.614507931,1650580.925291087,3161842.4361036555
2024-02-22,2720125.3127135807,1831290.9354765946,6188206.0279829,2184689.5519235474,2976841.1063600173,1671621.8457985942,3152363.193218876
2024-02-23,2717803.5050286916,1838057.6763257605,6117245.608867972,2186196.3530243887,2968074.881715709,1674795.435144741,3142095.3880644883
2024-02-26,2782883.0938057415,1845801.1048324776,6550706.762432282,2178189.2930157282,2966512.0154516893,1669670.0323109103,3212681.7312363815
2024-02-27,2809548.7942045634,1843070.965808577,6782545.374095555,2182235.699474147,2973647.231688725,1670636.971857651,3258288.3200482014
2024-02-28,2876439.4015873587,1848919.11515309,7270598.736963736,2179351.4670444564,2957813.9329506336,1670621.2825200355,3351391.003575006
2024-02-29,2861649.513342042,1848575.6268140213,7149138.776814973,2187186.2135170605,2983160.71355935,1675324.808119051,3330690.27518943
2024-03-01,2875258.5177282067,1845528.6088795855,7289964.0463953465,2207720.332977054,3028077.917710276,1687979.2555336226,3351284.379734725
2024-03-04,2914818.493830746,1843145.1443585595,7648119.963958136,2205352.6372956824,3017273.089807976,1685231.4637401758,3446493.787830633
2024-03-05,2889184.921472622,1844613.326080183,7409707.154441805,2183311.8513547974,2963114.5530231697,1678798.179327181,3378281.8339998657
2024-03-06,2914277.494649147,1845440.2802495537,7616467.262764799,2194375.188089304,2981733.921913703,1684932.1036352506,3415222.3784046234
2024-03-07,2917446.9776495514,1843534.423152987,7662432.329512728,2216157.7729660044,3026990.99810836,1696412.1466705594,3428230.1799166966
2024-03-08,2907519.1107554794,1827322.5577868859,7732742.894490101,2202855.9757021684,2983296.5785095897,1690924.7808083994,3449674.9004090563
2024-03-11,2922965.937389257,1822155.0877862852,7921509.252220289,2200961.738385101,2972220.230374944,1689295.267387742,3508233.4409954217
2024-03-12,2924507.002229829,1827960.0812836224,7876546.164650392,2224638.2913389686,3014827.1013673996,1698477.8838795396,3499184.095739715
2024-03-13,2933890.8935936596,1829867.5837339445,7941612.968426069,2221151.0961530316,2991655.2083031796,1695631.306978892,3523040.9571137074
2024-03-14,2922433.9859282947,1828742.5970585225,7849631.411989032,2216760.3318624003,2984111.977879159,1689317.174539766,3498974.858274954
2024-03-15,2909817.947834761,1828576.3756491488,7738340.989394497,2201538.8541109385,2948640.5327918725,1682287.8348187958,3470003.0606249874
2024-03-18,2892778.1867043935,1824758.7238883253,7622457.289508879,2214622.7016756535,2976762.690478243,1687593.4751474548,3445028.58597226
2024-03-19,2855088.2671369663,1821198.7296021674,7326113.631722803,2226929.9267485654,2984179.491018012,1694890.7077396307,3359121.428876024
2024-03-20,2899873.3479516483,1827261.8749782953,7652262.788507295,2247527.18296513,3019561.8271487374,1705691.0425504115,3457110.4484052532
2024-03-21,2890320.8855735427,1827846.447118822,7562526.276374963,2254955.1079487014,3033851.1297547864,1709563.452848149,3420442.237616307
2024-03-22,2883742.918454237,1832872.0719445108,7456638.416067166,2250679.5783353075,3037321.3470254857,1709792.5399384715,3393928.2669233163
2024-03-25,2911914.0190571616,1833248.8623866043,7697312.796292094,2244461.4828427806,3026298.254596644,1705699.8001204857,3491834.699165713
2024-03-26,2915085.044450772,1836027.8665955144,7698027.6189493025,2240315.726861229,3016500.043401288,1704508.2467077181,3492595.820555134
2024-03-27,2916212.2761316774,1840480.9489685213,7664385.098248496,2259142.9999746163,3026774.620595014,1715335.089074285,3484950.550540445
2024-03-28,2922479.725819854,1842244.2433452483,7702158.547533734,2258711.6776546757,3021195.351573607,1714298.8818196093,3504688.441413907
2024-04-01,2920644.8128907494,1844523.1779420984,7663442.533753343,2254782.255932845,3027591.2779733827,1707523.6919208968,3490881.3313136725
2024-04-02,2898120.825987623,1843842.631540893,7473038.620267794,2240446.038972872,3001462.64489639,1700516.6178466768,3427274.389547209
2024-04-03,2909422.2698851507,1851257.3104032683,7500057.476525222,2242906.6224197745,3008198.8626761637,1702058.5617471442,3435981.590709987
2024-04-04,2925827.6880856836,1856956.3191562083,7587153.220895802,2215529.7708990504,2962201.4483035807,1691208.7955316743,3475797.419517646
2024-04-05,2926571.071862085,1860100.8797572232,7563600.165284099,2238674.978910095,2997107.628104069,1698467.514591861,3465906.3988154787
2024-04-08,2966613.4215859375,1873022.7275500784,7786443.509652574,2239927.4829253037,2997992.637293823,1698405.007301108,3524424.433760624
2024-04-09,2955895.5372148273,1876256.0590336048,7661309.663501313,2242518.378483848,3009083.4525296516,1701905.0417350966,3487965.331002019
2024-04-10,2962343.3939000256,1876126.6627635537,7718249.291279381,2220063.905436479,2982818.954502419,1683532.3868135114,3510219.487669849
2024-04-11,2952764.114453042,1870166.2675985277,7692269.5330792805,2236818.4351790403,3030448.8449592064,1691296.1035334677,3502681.604005945
2024-04-12,2928090.068984698,1864596.716127679,7531460.586800201,2205943.2150165257,2982138.1620742907,1678560.4247132894,3460042.2947498914
2024-04-15,2907242.47653569,1869210.8667983785,7307100.064773429,2178307.085472017,2933078.9639542596,1661884.6989675805,3403300.569085218
2024-04-16,2903442.173435625,1864406.2298079112,7319086.186812441,2174334.1815063218,2933350.9035228714,1658184.502463592,3409826.7777942023
2024-04-17,2877943.1421305537,1858355.589357111,7160247.280188963,2161465.995101577,2897560.3435370284,1655364.7853323726,3369505.090945369
2024-04-18,2892501.6083131465,1857499.209899616,7288683.364280978,2157018.2865720773,2881025.704893766,1651449.8651602985,3406707.4078493947
2024-04-19,2887363.7877052296,1851403.7897513926,7301336.729853244,2138191.1480786405,2821419.5706751305,1643494.5091610819,3412349.2923965747
2024-04-22,2935962.8967097574,1876082.8021644035,7483862.031629798,2157881.873551609,2849793.7494574697,1652989.2574638121,3460980.6355723445
2024-04-23,2939909.189305872,1880875.4316855422,7472783.581455687,2183488.741969156,2892321.156227486,1666144.0488171563,3454618.1068075565
2024-04-24,2923575.907469823,1878762.599496757,7353981.6924072,2182452.437593718,2902119.1577547085,1663927.4025029403,3421693.448686585
2024-04-25,2921683.7186358394,1875342.570927552,7369352.404475061,2174161.464110416,2888102.423721671,1658250.8550184872,3425284.231631908
2024-04-26,2899848.0817755847,1859832.5126174134,7327978.78738377,2194759.3934267303,2932670.320762876,1669141.2806793975,3414028.7854391495
2024-04-29,2907969.011736804,1862739.4091007404,7369611.40658617,2202531.9454824138,2944578.4223814723,1674719.160604307,3416430.247192587
2024-04-30,2883294.206615353,1866255.8896147683,7128706.25281082,2167641.1468300405,2889054.526714013,1656069.1056637093,3365307.2550243214
2024-05-01,2870268.981735592,1869670.5304931132,6990926.1230550185,2160602.5427419962,2868165.5002828287,1655180.129195948,3325948.0550913974
2024-05-02,2878572.7529122145,1871339.9017104732,7043778.001944783,2180811.4204026842,2904772.71764704,1667457.2458009326,3341150.6751046847
2024-05-03,2911882.14112775,1875103.307091427,7282415.134125355,2207843.3756113956,2963154.1803003224,1683273.5499915462,3405316.565897883
2024-05-06,2915471.7187091885,1876752.4391440083,7297299.22749739,2230643.2834505783,2995611.0169701045,1694193.2744480951,3410844.4644542243
2024-05-07,2904545.3691162965,1870910.9932631864,7259135.755598225,2233104.6746171806,2996086.963632209,1696722.8807198547,3397763.479322952
2024-05-08,2907071.9053853685,1879153.1998936194,7205564.309988749,2233320.605017051,2994318.203261499,1695414.2035911197,3379326.957990626
2024-05-09,2925228.865742455,1885919.9798158254,7295036.013607614,2246188.656801846,3000849.9946115143,1702543.628276462,3410494.0103497063
2024-05-10,2917092.3921707748,1890143.5175890434,7189278.900307998,2249082.312628039,3007926.713439419,1702447.2027387538,3374184.309348709
2024-05-13,2926318.6479029614,1886219.8063658376,7300315.960994251,2249383.8613161375,3014866.938312685,1702938.0452448593,3410068.003437353
2024-05-14,2919240.6519895997,1887277.7263306992,7231903.612074575,2259704.9036461017,3034259.353609904,1709465.5264201516,3388452.4662407716
2024-05-15,2948631.05969599,1887067.3040377598,7476483.527384742,2287686.467982423,3081685.656309465,1726698.8921154724,3466631.9940554067
2024-05-16,2946028.7017252375,1890197.3490732936,7425552.665691103,2282979.8852889887,3075425.8045280618,1723785.8890386345,3450698.787282888
2024-05-17,2955547.475014238,1889009.7390472596,7516413.265274454,2286261.919671059,3073928.5643896977,1723070.9982351987,3479909.085246368
2024-05-20,2983859.5538618653,1894836.8260070619,7701234.509651517,2288895.6243737172,3095362.7279669046,1723620.90919849,3549992.7547611347
2024-05-21,2978053.459829328,1894986.8341134195,7649860.850368045,2294509.276290547,3101418.362986683,1727440.7966205117,3530773.223237099
2024-05-22,2971826.884685049,1893579.4873821603,7609802.286872791,2287902.9368620934,3100805.712701807,1723600.457746203,3515786.5817778064
2024-05-23,2971220.298998748,1898111.7893946054,7562125.118570414,2271191.2162636463,3086856.9111438887,1714122.4066975995,3497914.8516492033
2024-05-24,2973226.5624257866,1897504.6574070295,7584789.686136054,2286218.3028072445,3116047.537636464,1721708.8298246153,3507457.272900165
2024-05-28,2976166.4727107,1897000.0903178346,7613859.498052084,2287816.2416142654,3127818.935632288,1719222.2720329498,3505473.211329558
2024-05-29,2964991.634575866,1892662.5690747844,7559186.539695103,2271795.121359543,3105773.1701108706,1709351.8766374737,3494743.151202182
2024-05-30,2972695.2812699354,1896555.213112487,7588377.850532262,2256724.9564319304,3072499.8857308533,1705761.5127585535,3507278.086258259
2024-05-31,2971726.453201038,1899227.8048169054,7555182.834087069,2277279.8073642305,3066784.122754807,1717281.706331683,3494161.102528252
2024-06-03,2965310.209627668,1886507.3215573304,7619216.57160676,2279136.754955136,3083250.619254817,1722276.9294625663,3515498.38361001
2024-06-04,2973076.4410626763,1883313.474243801,7715831.406587174,2281684.3028897666,3091688.0842664465,1725922.8094713464,3542850.402549048
2024-06-05,2972454.9400238167,1878423.6831053086,7757199.080119373,2308802.414866506,3154015.7108525336,1740362.31979325,3550939.189740212
2024-06-06,2973359.598859982,1882573.1950020774,7725084.787861404,2308759.605722392,3152927.323573686,1740557.476471286,3546390.8033770486
2024-06-07,2960033.7290116884,1882121.4464895115,7614003.711062885,2305952.241284177,3150137.269726716,1733145.2333690077,3525452.5877839616
2024-06-10,2964246.8268893855,1885372.6353462196,7619321.801999589,2313077.1367602,3162861.1900511477,1735784.2529345318,3529038.7281276924
2024-06-11,2937526.6333434763,1882508.6090179586,7417389.31625026,2318647.979532916,3184567.083528833,1740665.8293037585,3496162.2881632904
2024-06-12,2947794.5012659165,1883059.2583130535,7498749.5948634315,2337690.7791863233,3226277.623252348,1752549.7508533797,3510651.3876464595
2024-06-13,2936532.349150801,1886474.0255947649,7371522.677624901,2342397.9003595575,3243764.7842242187,1758196.2475475331,3488064.292733777
2024-06-14,2932702.3106476036,1887363.4645600922,7331364.831211847,2343823.525630522,3260571.7817723597,1759557.2260598186,3476707.676682184
2024-06-17,2934202.0509167826,1882900.6937857424,7383779.108228657,2362477.0043884027,3300513.351457031,1765443.7340707416,3485258.2514531086
2024-06-18,2923509.3923258814,1885200.0242302308,7273048.017330875,2368479.707960859,3301533.8062607585,1770668.2676187132,3464362.1238501733
2024-06-20,2918933.344382145,1881710.2363623895,7266444.931093994,2362045.682068462,3276085.9656118946,1766552.6098396496,3460026.189317082
2024-06-21,2916469.096224071,1884937.8544639347,7216914.191857788,2358878.8823636295,3267308.4188883994,1765203.897174727,3448621.9655969576
2024-06-24,2886926.7027798654,1898832.1314276215,6853698.938750583,2351210.66076923,3230110.776061419,1762338.6027708703,3387492.066446836
2024-06-25,2895597.1984552857,1901304.9475521434,6901486.754798668,2360265.467849082,3267049.059407772,1766338.8108791567,3413557.129242686
2024-06-26,2882122.098728555,1889788.0552612024,6891974.252976684,2363211.221595942,3273796.179930466,1764483.7104307355,3397416.8842166066
2024-06-27,2884107.6704873736,1891051.295516583,6897051.519313236,2366936.6940934565,3282246.854034481,1767312.386596877,3411034.403675663
2024-06-28,2879743.0107005285,1888389.6473024616,6884910.390759248,2357622.33974992,3265209.0118718133,1759661.0379989543,3390013.9693601513
2024-07-01,2896357.5782111576,1892077.002063022,6986140.130838885,2362474.5812293016,3284359.6798115848,1758058.9124575192,3433385.9715495855
2024-07-02,2895709.979423393,1891722.335719044,6983988.934125683,2378373.1973294844,3318844.4266645703,1767495.7026055583,3420220.320046285
2024-07-03,2897023.613226529,1893188.8042272408,6981917.163660098,2388987.172670744,3346514.1205197424,1776035.4180908834,3389853.726918074
2024-07-05,2894464.050363648,1891647.6407175988,6974612.047226695,2402763.370638535,3381407.510564112,1785765.5482572354,3330926.7807665034
2024-07-08,2888861.220077802,1889869.9549695642,6942642.511539082,2405535.733889738,3389449.1221404774,1787221.6132543904,3333625.825866666
2024-07-09,2901030.189990739,1899851.739458439,6954564.520753204,2407875.1593816006,3392379.653636615,1787605.1241341748,3356938.0213253265
2024-07-10,2905362.0886483556,1903889.0903645013,6954695.8822505195,2431701.8135797675,3427750.4580200207,1798951.8282875651,3352621.306051954
2024-07-11,2907538.947171337,1905866.5358947583,6955210.787425759,2410734.2178806323,3352579.19060551,1793330.3988863702,3346009.543820425
2024-07-12,2913388.8199068354,1912190.6104973943,6948005.576924182,2425939.8104779893,3372274.9956913036,1802090.9977291827,3356029.6565248608
2024-07-15,3002515.4621803407,1932319.0033914102,7491331.190173682,2432611.575202164,3381339.158752727,1802573.8503469685,3475410.264994367
2024-07-16,3001868.3653796557,1932442.944711708,7484828.288038987,2447037.449048866,3382634.2788107973,1811928.95555747,3479383.645037701
2024-07-17,2994847.6672648964,1934384.8937613394,7408926.650464395,2412727.131621082,3283337.3379946603,1797201.145304108,3464021.3462762097
2024-07-18,2997554.3873670106,1935945.368481653,7417301.205276888,2394185.6566616376,3267798.622983554,1786944.2028391585,3461999.616980419
2024-07-19,3021997.6933924505,1938102.298516705,7599631.138990564,2378286.502081655,3238834.228406579,1778369.3408027717,3506742.95925471
2024-07-22,3012273.918017473,1927179.7161296492,7617992.1588971205,2402806.7182624475,3287085.5752098314,1789080.0461870315,3521589.2026639814
2024-07-23,3002286.0048737386,1924635.0750764778,7557265.049026629,2399037.898141019,3275499.9431799212,1787323.257468617,3496007.642749907
2024-07-24,2982958.833082003,1915577.191897942,7478087.96102828,2344669.4773965967,3158006.534097685,1760831.5192526535,3487496.837608344
2024-07-25,2979047.088751885,1916589.953638525,7436174.4645146765,2332452.716930114,3123181.286196568,1757273.2807884805,3494306.2893111967
2024-07-26,2996335.530174546,1917299.3624578991,7573601.099277681,2358575.7182361297,3155212.4965561866,1771593.0086147632,3528655.93790772
2024-07-29,2991207.8899223013,1918761.5398057795,7516651.019391208,2359961.7652417817,3161550.5545512303,1773371.0139395841,3512704.5462902086
2024-07-30,2988515.0018753875,1919909.7836168555,7483598.587880859,2348005.6289985846,3118137.9289233265,1768700.563075304,3503272.43133753
2024-07-31,2987719.3938310724,1928603.0697237467,7397891.4770566495,2386171.192555725,3210415.180643758,1789753.7868435092,3478488.5311541148
2024-08-01,3003255.7568205954,1938319.302644595,7439159.369857778,2352380.5081351106,3132654.3021175074,1777546.6341409583,3490735.9297107463
2024-08-02,2972825.392180631,1934442.6640393059,7222618.865649196,2308583.253587834,3058300.950090164,1765644.0705449798,3427892.890656023
2024-08-05,2937090.4998161225,1945713.8789799327,6840260.249320734,2241348.9349778173,2967114.182329911,1734227.8680200004,3301425.3548689713
2024-08-06,2947760.8945995183,1950957.4202398576,6880082.830563584,2262012.8280696534,2995465.297617611,1739669.0602194895,3339208.606131609
2024-08-07,2944064.2085707346,1948149.759752891,6874425.516097233,2246893.6614802247,2963025.0247303424,1730597.4719364224,3321520.641487563
2024-08-08,2943849.7968156165,1945963.6807129504,6890756.014949523,2298835.9614849566,3053666.6553445733,1753556.3663020255,3442843.4367107917
2024-08-09,2939905.1619727877,1942640.2080761357,6887438.303114622,2308973.112963161,3069614.2232151967,1760670.7920317922,3429273.142052373
2024-08-12,2927875.3523886404,1933544.3093784312,6868674.05240968,2310186.0387130566,3076224.8497832515,1762428.3961709752,3404755.104052895
2024-08-13,2923603.5157210953,1929183.1648865275,6871417.860065338,2348178.7502543414,3152554.3239649273,1782646.8204869966,3426671.547029923
2024-08-14,2927289.2730419477,1932660.7507937783,6871391.639412173,2355586.616865356,3153576.665781852,1787303.0590124924,3395235.875365406
2024-08-15,2927750.819052203,1933011.3226921977,6872094.691077963,2395961.5630426174,3233246.153323581,1802690.1527848905,3375139.8787076115
2024-08-16,2930576.26137761,1935555.5273791347,6873096.289425607,2401333.7067690683,3237403.2433982687,1806847.8907121348,3398922.080467998
2024-08-19,2916596.8715280383,1922041.830257879,6875851.169896735,2424293.9469687524,3279929.6018276196,1818007.6386996382,3410459.6172533045
2024-08-20,2917612.351194132,1922887.792408948,6876769.708746059,2420351.4671117673,3273046.406686553,1818410.3910547586,3402512.3906664154
2024-08-21,2915468.605066276,1920759.328212745,6877688.370302171,2428669.0953451786,3288312.343456514,1823534.5427945459,3440233.919271962
2024-08-22,2919621.289098308,1925929.6987623035,6867144.340630962,2409607.7181386654,3236176.684819718,1811977.9841498123,3427172.455341515
2024-08-23,2920173.838111346,1926340.1334365965,6868061.716342699,2435210.817197611,3271274.5012938455,1826853.5803436497,3490706.454192143
2024-08-26,2926502.5150181805,1931973.8945538152,6870814.578851838,2429405.7357118186,3239516.069175372,1823588.125851711,3471911.507088192
2024-08-27,2924939.47182892,1930389.1898838107,6871732.444867439,2432741.3488340057,3249193.51152607,1825307.6918958782,3416306.3977205534
2024-08-28,2931536.4563088506,1936498.4559420315,6872650.433499944,2418618.639114802,3212323.579991102,1818297.3705389048,3408418.552265634
2024-08-29,2934750.415279798,1939420.5288801864,6873568.544765737,2418835.1079944726,3207620.9334341255,1817455.4406109406,3414983.1094680536
2024-08-30,2936396.2277200166,1940863.249316644,6874486.778681197,2441925.3910658997,3245853.7078341492,1826128.9105345386,3410667.102806597
2024-09-03,2952813.2760513937,1955930.5721546914,6878160.941167449,2391673.109914019,3147306.7499300595,1806665.262574525,3383331.187064858
2024-09-04,2955615.4726382494,1958470.25133915,6879079.788577065,2386777.790050623,3139128.4347309233,1807614.8851790482,3393200.299553906
2024-09-05,2961010.932971362,1963465.5198280157,6879998.75873469,2380972.7085648305,3142059.3855633265,1806842.0336261417,3361716.1831224
2024-09-06,2962486.593299725,1964750.992161041,6880917.851656722,2340900.3880352685,3057892.0972306454,1789525.8040544079,3322312.817652035
2024-09-09,2960646.911014362,1962660.520280561,6883675.86717327,2367109.815349212,3097215.3555908483,1802608.6143726674,3379496.649397306
2024-09-10,2968440.906838632,1969929.2464751801,6884595.451316952,2377420.3573230733,3125839.458787826,1809525.3872173305,3390999.8792463047
2024-09-11,2969865.6880234843,1971167.2049841916,6885515.158307062,2401810.530632124,3193718.049197354,1820450.216483478,3385925.2741158544
2024-09-12,2964644.21742847,1966103.481578089,6886434.988160012,2422041.2167247185,3225067.6284563113,1829005.6447747627,3400126.847721331
2024-09-13,2963741.8601749334,1965834.5990682312,6881645.667593058,2434690.9149505417,3239516.0691753724,1836250.1128315255,3443338.248033501
2024-09-16,2968486.986754137,1976365.9271747358,6832556.841896185,2438286.613816214,3225203.9127428164,1839609.9324497632,3403358.4661642686
2024-09-17,2961839.346020102,1969324.1793466962,6838357.24375026,2439282.8014465384,3226908.095328536,1839339.3539844747,3440803.217487943
2024-09-18,2965668.5674672234,1972719.7108437622,6840315.394340123,2432048.8638109807,3212936.859280378,1833755.7425081972,3464079.9383538617
2024-09-19,2964507.620343466,1971461.0176195493,6841573.387571894,2473549.7712504086,3294173.1967806555,1852602.788185674,3486162.4086345797
2024-09-20,2975317.497849051,1981615.537261792,6842506.16143624,2469274.241637015,3287903.490596997,1850024.929919889,3490684.393219644
2024-09-23,2961089.5292351316,1967743.782113161,6845248.78074549,2475444.1431874265,3296618.7658849657,1852506.7198340758,3493948.693138084
2024-09-24,2960148.4624140174,1966737.737313038,6846163.231448835,2482527.5757188355,3312520.2067663097,1856709.8860881971,3510365.9733561575
2024-09-25,2958852.5444260812,1965395.1159624304,6847077.804312835,2477052.313110651,3315591.425579747,1851401.4055078998,3491715.514912523
2024-09-26,2948626.9522133027,1955579.3476195773,6847992.499353813,2486872.838466352,3340501.677135379,1855951.9181852266,3525849.4079106874
2024-09-27,2951688.0788001684,1958367.6587322466,6848907.316588089,2483266.3700046763,3321938.499304513,1856464.205197325,3536072.404088171
2024-09-30,2959071.510004581,1965017.3109618258,6851652.50161395,2493216.9382321197,3330947.3099788013,1859244.9069963186,3497315.3091673194
2024-10-01,2956988.2714738552,1962928.5133646608,6852567.807784677,2470881.8730804394,3284538.736397238,1851218.2035145464,3456348.652205602
2024-10-02,2970004.9222796657,1975160.1360441665,6853483.236230341,2471924.639213479,3289179.7405230873,1850150.8233832573,3453191.097218376
2024-10-03,2973136.0521211904,1978021.7875275465,6854398.7869672775,2467405.447490506,3286722.639671457,1845117.7626514353,3455677.364445253
2024-10-04,2972084.264749692,1977802.6014624033,6848088.2596113095,2489827.746369815,3325828.4721776494,1850409.7978759438,3478319.441290492
2024-10-07,2981725.051028825,1985068.3038937605,6863416.424775219,2467318.4830027777,3290203.550016944,1837855.212183372,3482219.1225166866
2024-10-08,2986258.5837899665,1989305.1196254857,6864020.400665595,2490653.235903484,3339341.3736868827,1849538.5378084856,3480787.4684984386
2024-10-09,2984261.9823646876,1987479.0578963277,6863424.634552942,2507904.782501607,3365616.7744570356,1855297.6055495287,3455064.740477395
2024-10-10,2975776.4560068436,1979305.7097995125,6864231.507922369,2503515.633650377,3361794.734059018,1852901.942489597,3450124.973864738
2024-10-11,2986283.6575119547,1990068.740124081,6857927.041359833,2518507.7190069635,3367049.856146675,1859783.1435117533,3487721.1081108535
2024-10-14,2994403.2948604785,1989124.0328159793,6927785.696318553,2539104.5713636777,3395304.10475689,1868235.8111403922,3548854.9653559728
2024-10-15,2987451.2018717537,1982081.9778594575,6931399.691430691,2519376.825404447,3349919.969673583,1862533.7388420652,3565225.869209606
2024-10-16,2981313.1189081967,1976085.8896287954,6932854.834938771,2530327.0813809163,3350329.2418693653,1868361.2745602652,3574678.6659330986
2024-10-17,2979565.2351438445,1974326.547626581,6933708.541147995,2530543.8195004873,3352649.8487663562,1864793.1005098606,3571636.413801415
2024-10-18,2976484.6831436194,1972469.6849565005,6925028.922742023,2540277.9188482603,3374625.165795057,1869621.9878175247,3588169.2440456995
2024-10-21,2984905.118151621,1978142.6920928147,6943846.3071304355,2536106.0465964004,3381108.9431425957,1862594.7471160598,3572795.960435856
2024-10-22,2988193.600286256,1981289.51430008,6943571.946948476,2534759.039376261,3384794.2799178413,1862151.8970839907,3573027.51460421
2024-10-23,2991976.097808895,1984979.988350547,6942691.275100814,2511597.9462111113,3332925.9481507293,1850058.8689120733,3558575.2936638184
2024-10-24,2987249.3697736086,1980312.5296912726,6944222.61030732,2517030.1304352824,3359951.9608373283,1853885.8821202132,3586691.0222796793
2024-10-25,2988303.106826967,1982154.100519217,6937319.758598932,2516160.754797899,3380426.4733694023,1852000.3219392905,3563052.7849036814
2024-10-28,3001388.1778142946,1987134.6421788596,6997922.979465907,2523939.364751335,3380972.029851691,1854233.369486465,3615958.484243236
2024-10-29,3005025.330733097,1987929.6161990794,7019658.090510903,2528024.0032755663,3413458.220060105,1856862.6930423963,3659942.981891083
2024-10-30,2998496.3276722827,1981984.8141664015,7017800.6752808085,2520375.9746736735,3387660.443297121,1852738.4195398719,3654533.345396187
2024-10-31,2998011.319996796,1983270.676781366,7003393.295514714,2470968.837568168,3302146.666213765,1830796.1523110948,3622678.947294561
2024-11-01,2993366.7062444757,1980179.2167267206,6992699.264759956,2481397.575858168,3326579.2937622285,1832521.3076941671,3611676.5560204107
2024-11-04,2991061.3108106046,1981186.3470188826,6966453.847778316,2476052.625361625,3316888.2229828793,1833228.4531904096,3586502.101072592
2024-11-05,2997267.410236782,1986481.2556024126,6971192.55974156,2505992.9099710854,3359201.5585890147,1848247.5078697747,3611400.134658097
2024-11-06,3002610.188949493,1990777.2951621253,6977436.50352646,2568305.5232074973,3450448.081767197,1870034.3310677463,3709826.0226907437
2024-11-07,3000376.1237804713,1988538.7805383112,6978438.201329036,2588164.3889980707,3504772.675713407,1884382.0252850417,3714083.6230193465
2024-11-08,3006367.8781783576,1995029.1121435347,6971745.6989628645,2599375.5384377255,3508867.9136888348,1890582.8181347481,3723834.7045200123
2024-11-11,3088328.850660142,1994763.0997418154,7618677.811005323,2601852.2762786327,3506820.504369254,1889974.6093419897,3898102.090247595
2024-11-12,3075407.963500587,1991725.5060208132,7539498.654046724,2593769.6944779977,3500473.220976354,1882067.365739449,3888635.754948444
2024-11-13,3083081.4660538654,1990241.0738585703,7615316.522362778,2595029.737210408,3495969.130141409,1882461.8974911664,3923860.197010096
2024-11-14,3061368.7026872993,1990156.6915937318,7437299.00533589,2578343.863642369,3471673.4158838503,1874891.207528512,3880904.628287639
2024-11-15,3089906.297721438,1998484.5176116326,7595780.075175194,2545318.3590178033,3388957.2407002547,1860558.915395827,3932182.687772538
2024-11-18,3110421.8235547883,2014912.064865078,7618117.422193047,2555747.6357876034,3412502.7623776332,1865818.8570217413,3926554.546887487
2024-11-19,3113330.0258395146,2015416.9681996237,7637405.940433293,2565089.9910807484,3435979.5129073597,1870979.915644929,3950354.8009951655
2024-11-20,3121278.0986360796,2018057.6720697565,7679048.656282666,2565959.3667181316,3434000.6650672983,1870595.9091291807,3976336.332611343
2024-11-21,3152376.297622774,2023239.5291011462,7888068.999837845,2579733.949246522,3446353.6824643016,1876238.3043305085,4029376.5875462852
2024-11-22,3155238.171339591,2025442.674583891,7891897.412391869,2587729.5665594283,3451881.163456837,1880264.763083063,4035802.527837217
2024-11-25,3149513.5590519668,2034993.6777725678,7758034.67371876,2596507.3257820895,3457341.131310519,1890858.4318463888,3964423.7799797957
2024-11-26,3150235.8660299107,2042365.396829267,7698391.029439203,2610064.900951009,3475904.0994732515,1895632.845269138,3950525.7834449355
2024-11-27,3176250.8134880145,2040994.2373598814,7922364.069097561,2602156.517365731,3448537.1664022547,1894264.1282602884,4002138.408034296
2024-11-29,3162469.71774549,2025647.1019391315,7946498.097003026,2618321.4117271,3478838.82433205,1904315.2355109751,4021694.800766227
2024-12-02,3176162.898132957,2041126.7794013247,7919546.316597341,2623014.26318563,3516716.2112464937,1906455.4506558275,4003111.6775264596
2024-12-03,3182058.4081310527,2046851.7622582002,7916716.484219527,2624230.9582941267,3527499.4433310856,1905521.1482105402,4005200.496570329
2024-12-04,3210194.73168293,2056239.2399129977,8065333.479268825,2640526.1647671387,3571109.15700409,1915091.431033736,4040198.7994970162
2024-12-05,3202363.4225345864,2056740.5419144048,7995160.532549933,2636180.632779722,3561213.6597949825,1913355.2767277313,4013886.099111587
2024-12-06,3226594.7700813427,2062299.585462228,8146394.818963666,2641178.263805151,3593085.3127053226,1917695.1122934753,4055738.6286851466
2024-12-09,3202566.0832001744,2064297.7658166282,7923980.517147435,2627576.8025325174,3565103.8423362523,1909530.1871741489,4026995.8965562447
2024-12-10,3197174.203751168,2067056.9263516136,7854797.85268335,2619407.7947239545,3552955.6707052733,1905042.7378841033,4017982.606458206
2024-12-11,3224077.125980226,2060907.9739848943,8129634.87982872,2639657.058369655,3616562.2729031825,1912106.9946966358,4074436.5517750527
2024-12-12,3224149.61125145,2063509.0946455947,8106302.717789189,2626056.1355768214,3593221.177655562,1903095.748281867,4061164.989084619
2024-12-13,3232242.9030066174,2063305.8835356813,8175993.808241847,2625534.6178903515,3620725.4433537293,1900003.3310730918,4078792.3117636335
2024-12-16,3254456.1601113705,2061452.8500277007,8381264.008839015,2636745.767330006,3672866.13402572,1905569.7894167474,4134691.695901039
2024-12-17,3242062.379171107,2054098.7735803581,8344636.414420831,2625882.4758412647,3656691.495566965,1900859.2647242888,4136375.5230428483
2024-12-18,3198159.509757303,2049990.5760331973,8006910.938176193,2547621.706363054,3524769.144902045,1861077.217560455,4065456.8707018653
2024-12-19,3187013.9659481486,2059793.0679914197,7824561.69246163,2546839.295213399,3509072.759454859,1858814.6914878562,4034742.066431253
2024-12-20,3183597.14241871,2052731.0219249327,7859194.698589454,2577429.5249416707,3539715.547437184,1874209.6264517726,4038409.245661029
2024-12-23,3177406.709784872,2062509.669220432,7721230.4858179735,2592863.9714541016,3574202.1813033684,1878624.1637224692,4001289.83153098
2024-12-24,3194393.807473831,2056930.8302075719,7907559.985093875,2621683.6795993964,3622667.8089386346,1892007.7381565643,4052245.4339265465
2024-12-26,3173508.7894315105,2057477.0592326343,7729817.542821323,2621858.147054653,3620206.7243924765,1892630.8092802158,4017701.3873464535
2024-12-27,3171017.8811381385,2062331.3128716769,7667040.266909945,2594259.172616357,3572082.85581414,1879113.556708127,3997559.983913725
2024-12-30,3163658.945381232,2060380.461188129,7624163.218115628,2564654.3609224064,3524574.1535382764,1869202.7911200891,3979397.302200715
2024-12-31,3172998.8272361653,2066812.3185252978,7643657.223079191,2555323.852184865,3494634.173138054,1864198.011266021,3989897.879718552
2025-01-02,3195458.5349138244,2067058.931360652,7822343.809020437,2549045.716194619,3487798.362995065,1861526.6863573715,4034714.125356941
2025-01-03,3211837.6958044143,2069902.593269071,7930885.8505507,2580917.2586074085,3544876.738201221,1874723.5471420975,4050339.8927697428
2025-01-06,3236914.452547222,2070552.5136279236,8131385.575925869,2595785.2243700554,3585616.9338048156,1880428.8036768541,4100593.93333323
2025-01-07,3197028.8836022997,2071897.2383373387,7785077.67144558,2566442.38309889,3521634.606312418,1865030.6916662673,4038848.0952972793
2025-01-08,3184384.7189389043,2071816.72557733,7683150.972655246,2570191.5487076123,3522250.191951157,1867516.9095684995,4015733.6924819853
2025-01-10,3176091.4541760893,2068668.2744982145,7642335.951323343,2530951.1794693205,3467017.7349886866,1846228.4519396757,4012693.0342408116
2025-01-13,3170064.8506792807,2071000.2309928518,7573941.062237799,2534875.620253,3455875.131723986,1847253.2237976228,4011467.226698155
2025-01-14,3178331.8179585226,2064397.483915987,7696122.804027498,2538363.623158637,3452594.03510933,1849009.7642648995,4037530.6478565964
2025-01-15,3211537.4936834336,2064861.345157493,7960105.716993102,2584536.650584288,3532024.920315607,1875592.3164778384,4087727.2971680867
2025-01-16,3203317.4547272767,2067829.2438763145,7865495.382218989,2579565.943548868,3507280.306585112,1875057.1293240713,4078987.7865231344
2025-01-17,3237592.399847021,2070039.4324731065,8126410.549598572,2605464.6680181106,3566477.1686079646,1886352.4221801194,4137086.0662400047
2025-01-21,3233102.2448070734,2065773.3981260043,8124668.67337355,2629313.669127985,3587394.9195733815,1899203.648596692,4159719.331492488
2025-01-22,3220286.2514813095,2068865.2029610907,7988941.489020729,2644094.401163003,3633262.7590397173,1903812.6223827943,4130796.8962834193
2025-01-23,3240147.5435109804,2080571.5863834368,8047705.56123451,2658525.9290476074,3640986.9330625897,1908791.26972338,4134854.773465182
2025-01-24,3246521.359982581,2084525.3618475508,8064790.994753546,2650764.8196876775,3620411.3604903687,1906709.186262915,4145494.780581166
2025-01-27,3232620.3915698496,2081997.3328249867,7972457.161574385,2613268.8557620547,3515004.6902761175,1894772.0648832677,4114120.222449942
2025-01-28,3221895.6557294526,2075010.5876629932,7946716.559016029,2635722.924949574,3566956.050623931,1904307.2340767547,4105374.473527996
2025-01-29,3247582.911431141,2089289.881719435,8030306.17106447,2623907.0626943223,3560256.73443558,1898716.427503003,4134572.6900481256
2025-01-30,3254651.248026142,2091741.378485968,8066580.053225209,2637990.1941482127,3575432.094572049,1905921.850789583,4147303.975188442
2025-01-31,3249751.656783846,2096230.6252293526,7985706.247974288,2623950.948798036,3570237.3569067204,1898273.7333121905,4120009.487201014
2025-02-03,3262967.1837414377,2112458.5992789725,7947538.289202809,2606292.84995078,3541663.7837298163,1891328.5685834,4110173.7442922187
2025-02-04,3252381.034608992,2119647.391515838,7798483.16829807,2623776.4813427795,3585139.3097976455,1900342.4629392184,4067590.818836775
2025-02-05,3240647.540922081,2114964.222559052,7744905.611391135,2634414.6882750466,3601408.2989162887,1909025.6955438138,4052306.5592147657
2025-02-06,3233505.731688226,2108362.145395237,7744422.844239331,2643570.729557331,3620206.7243924765,1912226.5175237078,4052406.810875212
2025-02-07,3242082.3173840633,2116637.87311918,7741964.660025871,2619373.0627768436,3574543.9403602984,1899299.2792166641,4051977.60300571
2025-02-10,3262333.9378454513,2130644.5209447704,7783518.815290765,2637161.4737357423,3617813.5723214378,1907272.0850727041,4064559.5084570204
2025-02-11,3254806.011584445,2132294.154719808,7709588.437639023,2639167.5802312964,3609200.8247505478,1906420.9634112956,4043788.775992664
2025-02-12,3263779.5197827676,2129390.8157780976,7804933.556093912,2630665.2534264247,3611319.311567245,1898737.7975345722,4071261.197387325
2025-02-13,3266489.9633062966,2138345.7451288216,7749952.615716953,2658438.695319978,3663272.13959199,1915317.898906389,4055895.3058606866
2025-02-14,3275930.5339821368,2142635.27144461,7788338.7870564535,2658307.8447285355,3678652.1358263507,1918094.8017919387,4067420.521815885
2025-02-18,3280672.6661199727,2158797.124445966,7689548.672241608,2666112.30171238,3686991.476151697,1918410.9067457041,4044212.9932228737
2025-02-19,3293010.626536765,2163594.4025712535,7746073.57826619,2672390.437702626,3688016.753322485,1922225.4556885064,4058510.1573964143
2025-02-20,3298200.537728998,2158047.969897962,7833100.903396374,2661272.714508302,3672362.930506315,1918610.8781577107,4080287.635019287
2025-02-21,3287822.787878999,2161573.967100571,7721082.173597764,2615753.9400398643,3596144.370767042,1902223.5229834311,4053178.574664597
2025-02-24,3266982.4665304646,2172210.5135013266,7469993.394696081,2603851.1132968846,3553694.960542534,1898349.7400840812,3994836.7010119073
2025-02-25,3253763.092945883,2177833.626789772,7324118.928917804,2590902.0203021634,3508920.959726506,1897402.7089932472,3960050.4570798855
2025-02-26,3248857.2944401694,2183827.1514601605,7240277.997151904,2592209.449256989,3517397.213342757,1899206.2766861187,3901658.096331765
2025-02-27,3253680.350207559,2188019.8111395882,7243672.036396215,2550833.199891302,3419714.2978151133,1879865.9304511675,3906979.915801565
2025-02-28,3244272.851486865,2179956.519496388,7236145.850023607,2590640.3191192774,3473716.631840771,1900816.196996504,3902762.030304721
2025-03-03,3251488.9965873724,2174086.5043850113,7333684.097629422,2545252.395242282,3397703.127535655,1882479.2988768844,3934181.2360009924
2025-03-04,3256503.790259964,2177845.3578753127,7341801.326477055,2515124.7196623613,3387449.517155238,1867211.296435927,3950409.017778262
2025-03-05,3256738.451913497,2177016.1212064885,7350087.564150692,2542156.674871073,3431608.351668793,1876684.9861334758,3996994.160545066
2025-03-06,3262236.0996771194,2182203.640327509,7350579.620120834,2497030.452176963,3337206.9520920715,1855935.3341878438,3988610.7548870225
2025-03-07,3280496.0203591073,2200161.314473019,7346584.838483006,2511026.0806633257,3361747.139392808,1861272.0175755539,3946167.0106137763
2025-03-10,3276707.055000367,2205845.955121389,7274143.311645125,2444143.658602724,3231458.1034846255,1835084.4819390224,3833329.310777726
2025-03-11,3274703.89697204,2203091.7127030445,7280512.907785514,2423825.738782501,3223733.719793619,1823331.6913878196,3897098.07035343
2025-03-12,3269609.582094402,2198023.8206981574,7281837.755512697,2436687.867289494,3260100.0284729153,1826989.058859211,3909598.606513771
2025-03-13,3267462.7627761047,2195885.8262124066,7282427.208667172,2404205.688783305,3201449.142268617,1814609.4071216113,3872760.7000441956
2025-03-14,3261711.530717319,2190680.303289174,7279981.616200378,2453865.911394893,3278829.682801451,1835624.2657529723,3914719.317367625
2025-03-17,3253675.0350905336,2182809.7592270295,7281210.305221369,2472788.899292762,3300088.773487531,1845088.930884328,3917632.139546513
2025-03-18,3246356.8322967095,2175848.9042687556,7280798.879336648,2446061.7236509495,3243830.8296861392,1833873.1988482953,3899026.4335070536
2025-03-19,3239766.162237117,2169223.751962231,7283255.585542887,2472701.3963252334,3287237.7942744493,1848016.0591833093,3957873.631173632
2025-03-20,3241620.1594157605,2172463.7109915237,7271766.021085703,2465551.1922986023,3276095.400677882,1845258.690390523,3921510.0190488975
2025-03-21,3242418.671876206,2173567.684300514,7269114.607359746,2466364.2967968676,3286895.825549387,1844727.9598475907,3920144.1650867793
2025-03-24,3257402.353438498,2185319.1354967286,7289367.1233935,2510533.3716461654,3359024.5986846928,1861709.9539078092,3969333.5932613737
2025-03-25,3262165.431879253,2189763.8760182103,7290302.48923974,2516568.384006633,3378193.29808391,1865076.473818318,3969334.452929322
2025-03-26,3254864.8274786957,2182663.5640627155,7291074.973952442,2486524.9805154395,3316031.93832736,1849898.4186905883,3961934.7444134005
2025-03-27,3268821.2143371077,2195904.3848782466,7292081.220060523,2479921.333485987,3297137.4848462194,1846574.0828454753,3966083.195959462
2025-03-28,3275897.0175177245,2203254.759632978,7287742.84127835,2429980.0244187075,3210331.1037223903,1828551.1319026516,3927911.7289909744
2025-03-31,3264559.0729417307,2200121.3470301055,7227790.216149514,2446291.6545256246,3210194.1904314854,1837323.280814763,3903801.424908078
2025-04-01,3255351.318154874,2190624.7792495834,7232631.59126753,2453201.427321477,3236071.6410850417,1843157.7481971832,3941340.6788263074
2025-04-02,3251676.333337622,2187142.877757456,7232238.940982944,2468726.0692004375,3259690.1272727344,1849336.8044722078,3904454.799180351
2025-04-03,3256898.993069241,2192021.7244319506,7233315.530306896,2347065.1740275794,3085187.533468261,1798546.0017412233,3913583.2724520047
2025-04-04,3257340.718488114,2193221.686849905,7227346.398889011,2209661.148796839,2893569.939628144,1736022.2741168453,3924417.741988009
2025-04-07,3243898.034685899,2192394.192467018,7134122.080229877,2205725.3999373564,2900552.517464294,1725369.8673106674,3861305.4619901166
2025-04-08,3245618.9272024813,2194741.2638501776,7128916.9109434355,2171177.478297745,2848318.105136814,1705571.2595526227,3818342.9687039903
2025-04-09,3244382.8027944546,2192796.9127850095,7134602.937907307,2399193.2495633718,3190204.0112868403,1814578.4525847232,3913347.6560255135
2025-04-10,3240418.3395894887,2188938.410418226,7134835.796212054,2294062.876536202,3054517.488628635,1761162.4240153478,3871802.752739447
2025-04-11,3244034.6193129057,2192259.6638697623,7136117.424725402,2334995.4185465453,3110790.9478718755,1779291.5808122954,3927286.2710626554
2025-04-14,3248688.5307331798,2196366.381977674,7138977.729558218,2357648.1867803293,3131876.4333437607,1793829.0997657313,3944782.755645149
2025-04-15,3260947.202963729,2208080.3729333114,7139931.419250887,2351044.539750877,3135367.8270959016,1792284.6121227224,3932925.7024510107
2025-04-16,3255653.9942721776,2202833.694007916,7140885.236346114,2298785.613623642,3040825.7402018798,1770653.5880945667,3938438.8491769587
2025-04-17,3260054.5049998574,2206961.0966473883,7141839.180860921,2302065.4940865105,3040278.08703826,1770364.9191916462,3950925.373093776
2025-04-21,3254123.1597287087,2200715.9850572166,7145656.233456401,2247270.193480499,2965041.193498093,1740812.1866812557,3988991.776855603
2025-04-22,3247814.3153195833,2194494.8752325242,7146610.815324473,2305739.0032833084,3042879.6492335857,1769275.7569131022,4070353.249556849
2025-04-23,3255490.5057153353,2201778.7720754803,7147565.524714288,2341467.4072648548,3111886.2541991137,1787467.8684895337,4074095.2328214534
2025-04-24,3251894.6165210474,2198178.429256192,7148520.361642883,2390752.8479355206,3199445.972925119,1813994.2244463963,4077667.9603105127
2025-04-25,3253588.4522362915,2199688.2632995676,7149475.326127294,2408027.010685251,3235113.248048708,1824517.4128076816,4088163.2053861995
2025-04-28,3251726.043596597,2197504.8147472036,7152340.985085844,2408945.1187445503,3234086.293532855,1826933.2464459217,4092762.6335410867
2025-04-29,3261883.5299687786,2207185.277744616,7153296.459963948,2424120.017993297,3255445.60558655,1835612.2833614857,4084174.243251005
2025-04-30,3266040.3921096367,2211077.169887881,7154252.062483091,2425082.0121563105,3255034.8657138357,1835382.5219323144,4083549.3385503376
2025-05-01,3264559.0738437795,2209517.9547119588,7155207.792660326,2442268.402698613,3297548.0150508024,1841186.0229884405,4113645.4737671018
2025-05-02,3258513.86476928,2204653.5140708317,7147798.342853596,2478522.09372523,3346496.5083965645,1853993.1386629147,4119372.785590713
2025-05-05,3236968.8285044297,2193189.140633208,7077020.680500537,2464309.188639497,3326643.2425428233,1846327.1497362924,4092909.519509583
2025-05-06,3236562.154587639,2192105.9617385804,7082212.475869628,2443711.5285630827,3295699.790457653,1838880.3825645575,4119916.2218213184
2025-05-07,3231117.076128637,2186691.48261444,7083313.238556859,2453988.6847893326,3308638.410950365,1844646.1869175755,4123236.131993118
2025-05-08,3229289.6969549055,2184595.457419924,7085802.305112305,2471087.303124206,3342799.849542133,1848524.7265968597,4202776.010766188
2025-05-09,3237762.3353817663,2193921.6735507725,7077188.98726658,2467939.0809724797,3340608.8175513884,1847868.7733315239,4199864.214628283
2025-05-12,3268937.0887190197,2198660.0185438143,7267693.314097002,2549498.0392267657,3476706.2897504414,1882014.131860462,4199313.974676737
2025-05-13,3273496.4183557783,2201987.755156716,7275815.522887476,2566334.6871388536,3529694.24934823,1888698.699506279,4216332.617789807
2025-05-14,3274570.667847223,2203021.5933786924,7275803.740807431,2569614.567601723,3550847.2479589684,1887973.4818658011,4209072.176109036
2025-05-15,3272019.0931002395,2200464.64634515,7276610.123999426,2582165.454784214,3554749.5912519577,1897786.2849194664,4211968.630337785
2025-05-16,3262489.147347139,2192714.1108627752,7265767.99010536,2598520.970994846,3570221.841464876,1905465.2979142675,4209252.366604446
2025-05-19,3254023.4562614355,2184826.1225928175,7263664.524845045,2601363.3366200724,3573644.464069365,1906481.7467041728,4236547.91243364
2025-05-20,3257272.437814534,2187555.857229559,7266663.605658814,2592617.078465721,3561732.3787562405,1901307.850058366,4251204.361515804
2025-05-21,3261660.1801530924,2191358.2930780943,7269820.047714074,2548929.13531788,3512236.022578725,1877090.4154593677,4286080.042888368
2025-05-22,3264000.590861713,2193365.8053587987,7271668.499250411,2549935.2848245087,3518808.6992146927,1879706.4032153513,4309871.845914451
2025-05-23,3264769.071676031,2195361.3766109855,7261938.191644434,2532530.2714833347,3486221.6586342645,1873092.3376243939,4259499.40810393
2025-05-27,3248337.698428661,2173135.568789168,7312142.302193104,2585182.8263444984,3568235.8649082896,1899848.1237488138,4281398.533938858
2025-05-28,3245507.9430224244,2170369.673123461,7312624.842608455,2570226.8191345227,3552421.855638442,1891852.922767867,4267748.394956527
2025-05-29,3244815.274412746,2169658.6931099067,7313012.059157922,2580372.31704963,3559405.0624789908,1899127.8256940686,4242487.265144857
2025-05-30,3237090.8997416063,2163691.65979589,7301911.490113883,2577486.334560589,3553790.9885474914,1899716.3334073576,4223087.267253667
2025-06-02,3240653.7689864766,2160093.440159017,7357135.545512252,2592005.365412722,3581859.680859925,1904139.6725145981,4247131.392037482
2025-06-03,3237701.604949737,2157325.9381422442,7356788.753070233,2606786.0974477404,3609859.1826884407,1910107.8241634367,4242124.698375919
2025-06-04,3241426.993553101,2160787.3953460245,7357462.353674639,2606086.3429474123,3619922.8337402823,1914347.6905519117,4234066.094596507
2025-06-05,3240928.5701009077,2160377.1988219474,7356950.248345891,2593491.569661207,3592676.0405095443,1906843.8854379859,4196184.771455754
2025-06-06,3234570.103219868,2155643.8501122417,7346448.453861102,2620124.242098089,3627795.8721376467,1914692.5135722475,4231456.592515884
2025-06-09,3299416.3748307894,2164680.168854215,7766717.343329146,2622485.745261758,3633135.7001510705,1916672.569433547,4303923.67618146
2025-06-10,3319465.0205117115,2171767.6554671326,7864694.926339208,2637354.518744105,3657164.9262114777,1924924.546288188,4303894.554170402
2025-06-11,3315666.397487338,2180027.4089031084,7764902.017121092,2629832.494415453,3644841.891357505,1924233.236677653,4285904.385925369
2025-06-12,3297891.4894606043,2188974.6865236694,7551785.779585477,2640284.38733686,3653399.286541261,1931650.7651240155,4253682.897513813
2025-06-13,3287907.1813437864,2185258.311295754,7505492.240121645,2610766.0016508377,3607532.2857474578,1915942.4252242795,4256031.213909218
2025-06-16,3301585.045080456,2197873.972018647,7507904.185882457,2635604.9978733347,3657712.5793750975,1925314.7780348042,4265778.594101808
2025-06-17,3285060.920510088,2197396.880388652,7386452.378268666,2613083.618710793,3622045.5139196413,1917806.8442014519,4239867.38169832
2025-06-18,3292447.6818257025,2201490.0463443277,7409711.776548836,2612689.720736964,3621428.6702721035,1918181.1259166256,4243695.575458238
2025-06-20,3270893.0928837494,2202377.5482062646,7241260.646149539,2606554.012653864,3606642.0348543753,1916182.0129228365,4225362.875277593
2025-06-23,3253708.416603451,2202070.722202144,7116118.232857061,2632300.078099757,3643727.295562022,1929098.8692310222,4255177.189094982
2025-06-24,3259403.9214994726,2207227.0093812197,7118760.011593234,2661379.6027486357,3699447.0212657833,1945021.742486519,4261232.0430344185
2025-06-25,3264435.601478268,2211901.46069654,7120214.2992282845,2662870.9225552217,3708904.312076742,1945596.831658098,4277490.250202305
2025-06-26,3271621.3197465437,2218744.5176213663,7121059.047149851,2683704.706024013,3743584.25996163,1956856.7065499,4273094.17097618
2025-06-27,3264848.9070816305,2213593.2602176983,7110499.504141367,2697038.2735960595,3756400.43426462,1960477.99744603,4275033.003169484
2025-06-30,3292857.020664748,2234441.3851432847,7157482.044462961,2709933.249370863,3780730.743764138,1969276.90594401,4276900.041078047
2025-07-01,3285894.7802771,2228270.0391018577,7153163.62244257,2709056.335016277,3748861.1875351286,1968169.6685679508,4260089.586132201
2025-07-02,3288654.147389867,2230285.2888784064,7158091.687513519,2721337.4438188807,3774973.6761658737,1972566.7250523083,4298708.946547703
2025-07-03,3288048.1994775776,2229537.879321299,7159292.547693549,2742785.3634997727,3812120.1599683813,1980295.3667676137,4308453.823160788
2025-07-07,3285587.7521090764,2223539.3341778507,7186440.373671026,2722345.74724471,3783404.012460979,1968625.430376553,4294272.244020189
2025-07-08,3282862.8196706614,2220320.3303434784,7190848.688815516,2720854.965917924,3785528.7893216684,1967657.6231880414,4302410.909782306
2025-07-09,3289241.1001471956,2225936.522188579,7194978.299861124,2737170.9038632424,3812326.0540750716,1978027.2703618892,4330964.810874099
2025-07-10,3296119.267322973,2232238.1303836387,7197602.461132442,2744890.2810386587,3806843.2323948834,1981133.3535712098,4385764.121370154
2025-07-11,3301185.6286303313,2238545.8997527915,7187022.861619101,2735241.2614993136,3798275.77314074,1973654.948555177,4403527.781379882
2025-07-14,3308195.356409953,2241969.380170196,7212206.086296513,2740460.476962515,3812051.808156996,1975834.1051365503,4430922.861602619
2025-07-15,3305355.662329138,2239096.778124962,7213132.084965082,2728749.6182682975,3815546.9759355327,1968430.2665165304,4408350.525356021
2025-07-16,3302347.668134435,2235705.603935869,7216741.847656415,2737872.5430428716,3819453.512591184,1973506.5036026342,4419557.305026081
2025-07-17,3308153.3033572286,2241136.9827003586,7218124.253568339,2754627.342025333,3850363.2081069276,1981075.4574922086,4426126.958707872
2025-07-18,3316551.8630011063,2250694.696659626,7207380.68329089,2752609.9274539757,3846662.565557967,1981661.3126153497,4412219.274141784
2025-07-21,3295294.229153187,2223956.8954784716,7253701.78987319,2757829.412157077,3866606.6177133336,1986097.288177632,4407136.835701343
2025-07-22,3290956.2755528945,2219125.725113232,7258639.700808421,2758224.1178506054,3846594.2137465808,1987802.2366660773,4436323.144545919
2025-07-23,3290898.5023365775,2219158.143075076,7257967.525305876,2781689.4521028544,3864139.243123183,1996174.1977463164,4422979.8426193055
2025-07-24,3295421.6220788644,2223371.0443862686,7259069.208101715,2782610.521801055,3872363.6853115987,1996083.6437690135,4419069.785532058
2025-07-25,3293930.843159578,2223354.4740832015,7248249.278379935,2794365.2665989865,3881684.691836052,2002442.6701710634,4411283.314865809
2025-07-28,3294921.8625844633,2217361.6332259024,7301239.367285507,2793663.6274193577,3893815.251343852,2001083.3658367796,4415919.255820248
2025-07-29,3295622.997855615,2217897.12457547,7302303.96474813,2786295.0698337555,3887784.357163778,2002231.293296485,4416306.0445342185
2025-07-30,3292888.7215228765,2215135.574356196,7303324.234138814,2782786.0662159114,3892993.3522621565,1998449.7887303582,4415697.04954613
2025-07-31,3309194.6683658347,2230773.674271893,7303570.264809795,2772347.096809709,3872363.685311599,1994357.27252789,4392804.585971604
2025-08-01,3313229.428267495,2236129.243286991,7292340.296859357,2726907.2096319967,3796082.6444686665,1981642.9973490492,4365458.788585625
2025-08-04,3299942.268705744,2225860.0750185335,7272545.491793027,2768355.884530808,3866126.8970248355,2000355.1646012184,4386975.171727975
2025-08-05,3290859.6237193765,2217505.5593852703,7269515.422454735,2754320.4085392323,3839877.285435052,1994511.970339254,4376743.869776955
2025-08-06,3287760.2445465787,2214251.511966666,7271584.586310448,2775417.5086303093,3888195.7260408923,2003356.7659922,4387351.608398659
2025-08-07,3284625.62224874,2210959.434542821,7273700.993687856,2773092.8913329514,3901354.0787370773,2001703.8419372092,4416012.198779472
2025-08-08,3289071.038427405,2216638.5368019417,7262920.6678733,2794716.0861887997,3937747.0152692753,2009534.1861151294,4407312.832964681
2025-08-11,3302092.2515378827,2204869.228170568,7449807.355959631,2789189.667999598,3926095.7571137086,2007718.68861652,4431835.734546787
2025-08-12,3326192.9023663467,2199174.500332592,7675947.684367947,2818883.328860578,3975441.990907934,2020543.1699046898,4448391.597010304
2025-08-13,3352876.0788525287,2199598.7432168913,7877750.916837903,2828532.8868797235,3977429.6448095855,2027631.8159886815,4484023.197051815
2025-08-14,3315003.2101929365,2199204.965390106,7584427.575675313,2828795.9342621095,3974345.845908163,2025459.5598292546,4430081.05075932
2025-08-15,3311071.1497775624,2206230.1700670104,7497908.439717084,2822172.9019598505,3956868.7490066807,2021387.8445177209,4419701.992494042
2025-08-18,3303965.9807950156,2212391.0506369444,7395374.011357865,2821559.0349876503,3955292.044645877,2020225.0820144503,4408000.7418942815
2025-08-19,3271764.7506925766,2213159.2170723826,7149125.730578781,2806251.4004681604,3901628.743991419,2015202.4247867616,4369496.670988339
2025-08-20,3269758.319234778,2202841.5562897557,7212279.098107942,2798795.07067513,3878463.7699755915,2012478.3232587688,4386676.27963283
2025-08-21,3261260.472691118,2196527.4517973172,7198035.32247029,2787566.95912177,3860506.952385609,2005765.4347906685,4365715.878187635
2025-08-22,3267570.0223409417,2201386.988339553,7207297.658461704,2830375.0262761246,3920064.862933635,2028710.7216126574,4418026.823485686
2025-08-25,3264988.0532951117,2216813.162806023,7071454.86726819,2817918.373058664,3908756.2025075303,2022129.0308135669,4341713.852964051
2025-08-26,3264552.7556483606,2215348.9462509723,7079210.620409277,2829717.0039603105,3924451.120277785,2028187.0314104569,4361970.285874405
2025-08-27,3263254.645342428,2214087.134147704,7079235.774496831,2836164.491847712,3930482.433794126,2031776.2150483003,4355582.640663053
2025-08-28,3260457.216359387,2211211.906481277,7080457.491435737,2846208.486320486,3955086.98921172,2037073.7225327443,4371529.968722379
2025-08-29,3265563.6663729525,2217393.453534267,7071236.212221846,2829234.526059353,3909304.6943436833,2028721.0161634611,4323766.564051213
2025-09-02,3273674.6017617173,2222443.001980328,7092197.556281996,2808269.3535193186,3876544.467885326,2017548.2732591515,4358678.451432018
2025-09-03,3276610.467431294,2225035.679641499,7094093.493155883,2823488.67735158,3907043.2138602217,2027047.1180114108,4365231.5696684895
2025-09-04,3272728.808099109,2221205.715205021,7094572.495080612,2847085.9391548717,3942407.5185315018,2040480.1327269385,4353922.799188615
2025-09-05,3281919.9306355426,2231531.578321524,7084031.422317229,2838839.928734883,3948095.814982114,2040784.6164008884,4353473.299242186
2025-09-08,3293435.845899899,2243680.905375472,7076885.6908374,2845814.0498668565,3967354.6716785575,2046565.4790906366,4371459.239420518
2025-09-09,3300164.023849561,2250229.8569596955,7076878.980717651,2852392.9268255015,3978594.980293276,2047774.1029293842,4365538.720949909
2025-09-10,3300857.5477513256,2250542.3757191272,7079542.95825057,2860638.6680055894,3979897.019399737,2052960.2554114463,4394420.621703553
2025-09-11,3304994.7209094195,2254365.5141469375,7081058.663306035,2884411.4742237385,4003061.9934155657,2064750.0476806217,4412788.4029627135
2025-09-12,3298196.3160398738,2249144.0753096137,7070774.432155732,2883445.979942024,4020744.1457512053,2063596.7893181406,4420009.358733611
2025-09-15,3285048.071702527,2242078.840352523,7028588.819665268,2898797.500565228,4055149.4283817513,2071584.4295191448,4413743.937692039
2025-09-16,3275355.3541189865,2232242.3282605535,7031412.066448352,2894806.288286327,4051723.0317508667,2070202.2038656152,4430194.964020561
2025-09-17,3280258.961686514,2236845.1857563904,7032671.404521708,2891209.781700955,4043635.7125214897,2067179.568859029,4426347.365720598
2025-09-18,3276463.2971310774,2233002.5272149835,7033735.70514945,2904718.624447958,4080096.5815288075,2070672.5997107616,4434385.347670968
2025-09-19,3270186.023637468,2228338.6145300465,7023095.333176028,2919105.4585091476,4107716.5840364387,2076826.1230509619,4418351.3211931735
2025-09-22,3272745.3683749973,2234548.282281302,6995775.369244258,2932915.8499442497,4132034.3134479714,2081727.4052760846,4385828.402358012
2025-09-23,3283567.157569309,2245247.0299641867,6994728.893316804,2916950.4623488453,4104588.335490802,2076258.4209744653,4377672.833374802
2025-09-24,3286681.705249893,2248065.567883656,6996356.121913188,2907669.76299282,4090178.6833763616,2070722.047362465,4393489.607529322
2025-09-25,3292488.6649572873,2253824.636610464,6995739.5876522055,2894255.423450747,4072544.7547113313,2063832.159443479,4344130.368192646
2025-09-26,3288427.243938215,2251261.086118666,6985541.06452622,2910836.831937552,4089286.7551382156,2071504.4178555764,4352466.4990733825
2025-09-29,3301993.6371183973,2255955.412184416,7047552.121449035,2919017.417061819,4108224.8195910375,2076570.6301043609,4409084.524309559
2025-09-30,3302125.3808422633,2256223.53676096,7046534.969629078,2930012.9053415037,4119477.7082937416,2081181.099546329,4405515.983156943
2025-10-01,3303301.4104135516,2256683.0447267103,7051551.621515557,2939997.1285564583,4139238.9298370588,2087560.5353555398,4459148.734374066
2025-10-02,3305467.440877233,2258570.981961849,7053199.2882287195,2943383.3587798616,4156255.595518285,2089920.06659046,4482479.841689218
2025-10-03,3307164.2416562485,2261647.783820309,7042848.409670401,2943339.7419160474,4138758.789812293,2088984.5704132966,4500563.615016781
2025-10-06,3310800.379489058,2261233.73564359,7071671.543137092,2953895.2921989877,4169841.6712059653,2091644.5216369627,4529176.261565384
2025-10-07,3300647.2079153284,2252454.320780408,7063447.713512057,2942943.690023018,4147884.8049729764,2088414.5147843035,4493645.054676519
2025-10-08,3298251.3444095775,2249781.296202389,7065915.791086107,2960492.7467107386,4195435.440875457,2095970.0639573815,4515193.6788570145
2025-10-09,3308080.8537285123,2259321.1432166677,7066197.8970627375,2951916.1096934425,4190357.6980283894,2091322.0719582313,4497505.170584192
2025-10-10,3302581.4401487266,2254802.5009302343,7060016.902317757,2872132.250100435,4044892.463311204,2060836.8420174643,4403790.457565271
2025-10-13,3292236.9650135105,2247884.245502695,7036563.306833371,2916202.5139064007,4130730.5969964443,2081369.37244843,4429791.081018715
2025-10-14,3307780.3010246283,2263291.5936407396,7034764.276067456,2912639.93154844,4103215.847891622,2081167.6577758144,4405390.567854899
2025-10-15,3293610.989847648,2249457.8829234187,7034645.0333451405,2925570.7162299547,4132171.4364070077,2086380.8158921052,4378515.810042829
2025-10-16,3302791.211721226,2258343.6887812656,7035164.251174387,2905646.96362346,4116870.2753906874,2080837.965001732,4348131.173255969
2025-10-17,3311929.0594659676,2267946.51302598,7030244.258599603,2922140.330662937,4143904.884470743,2086772.304453826,4327820.197366654
2025-10-20,3327099.52053281,2276357.9132139375,7076751.091008814,2952531.8613449438,4196121.055670644,2101199.8047291343,4378882.024045868
2025-10-21,3322469.7700539404,2272068.5161345806,7075040.868572429,2952487.7060013297,4195023.652662073,2102012.1051630606,4354202.998264888
2025-10-22,3328092.693313902,2277480.8374314033,7075628.434665376,2937138.070057426,4154608.8620010274,2095372.1076601797,4345117.5345749715
2025-10-23,3322592.131912472,2271921.820781991,7076945.3642989,2954555.199194104,4189534.5409378917,2101336.924230925,4374346.7886161525
2025-10-24,3321090.8630292895,2271181.436336554,7071667.91178644,2978701.4411536753,4234271.430494364,2112472.774533817,4386251.442842295
2025-10-27,3327944.6864795107,2270871.3072788487,7122581.446511136,3013843.1713929307,4309680.6712399265,2128010.933240441,4424014.652835075
2025-10-28,3329652.7697594077,2272618.657021222,7121979.140474474,3021847.94286244,4342821.655027968,2131906.789988661,4410900.789474381
2025-10-29,3322613.36198171,2265810.639977852,7121571.1162516335,3023299.4151638127,4362377.401800861,2128479.206450011,4377329.983995017
2025-10-30,3330310.000732396,2273219.232236078,7122226.995888812,2990048.825982774,4295682.807338867,2112828.7561092325,4356860.904649287
2025-10-31,3332130.146689654,2275971.499258228,7115081.614781335,2999856.966303071,4316404.728267983,2116483.039303603,4372361.084276054
2025-11-03,3322520.010739014,2265128.4865317857,7125762.159500295,3005486.772613906,4337057.878049444,2117827.08413919,4337872.736768505
2025-11-04,3318393.104726455,2262217.581847348,7117626.08626292,2969860.949034293,4249024.099674532,2103188.036819726,4277734.031599644
2025-11-05,3320019.694618094,2263463.2995052873,7120110.3853907725,2980152.913455048,4276676.391074658,2105292.8625819283,4307204.882712596
2025-11-06,3316779.67064625,2260259.5321705975,7120463.873639597,2948177.713680725,4197013.403245055,2094859.6640910667,4275387.564481748
2025-11-07,3322364.74960792,2266520.6301654596,7114407.457915547,2951080.3890435714,4183770.3446231033,2095762.7752499525,4302010.61191527
2025-11-10,3326086.26126716,2270274.0668679425,7113428.084402225,2997130.104594982,4276332.9546726635,2115049.976309145,4336071.02862754
2025-11-11,3331354.631862379,2275945.715275303,7109520.430681579,3003991.144968919,4264942.9430109225,2120489.05203026,4299670.362695466
2025-11-12,3329058.954908943,2273682.204280029,7109687.82130532,3005662.586268664,4261580.7048287615,2120859.2095360016,4283362.404405914
2025-11-13,3327027.569808323,2271625.864078529,7110230.261638161,2955786.4332572054,4174576.3969873,2097208.618150517,4258916.833150277
2025-11-14,3321553.8841072647,2267082.612350372,7104418.406419822,2955302.878396648,4177732.321726504,2095997.3451940832,4191396.6514456486
2025-11-17,3347765.0747320466,2290193.7196439863,7122221.161787931,2927769.8677338734,4142052.2568467967,2084448.6216044885,4161985.3822259065
2025-11-18,3356497.020289706,2298404.336616373,7124564.555990444,2903183.957017459,4091619.942123188,2074446.3238456561,4173966.5473609185
2025-11-19,3358820.640515472,2300664.247008665,7124659.527730173,2914399.4142955146,4116047.118300191,2079254.6717420008,4154379.743326395
2025-11-20,3358419.0930131827,2300276.294927439,7124623.622662761,2869977.2539401343,4018612.6595102535,2061236.3004048043,4088898.9569545775
2025-11-21,3361664.5712923077,2303336.9481396833,7125454.343673836,2898565.685011253,4048803.61266578,2075530.6282035632,4067458.448685165
2025-11-24,3378623.7087141806,2319548.94525246,7128310.374521171,2941228.3626195597,4152344.446163702,2095513.0161327445,4114032.0676227366
2025-11-25,3374660.2617297843,2315528.9288342698,7129262.639171357,2968893.300833378,4177938.215833193,2108671.8004916813,4101431.978706794
2025-11-26,3371582.1781801684,2312379.170056125,7130215.031033732,2989389.1882275594,4214853.645353041,2118745.018312515,4146564.1527399104
2025-11-28,3381751.445962759,2323733.57544346,7120234.917212818,3005706.4723723787,4249024.099674532,2124508.7691077003,4152879.24866392
2025-12-01,3388057.695501152,2329522.531925592,7123088.856005069,2991984.1223846055,4234751.989855396,2115019.1618319238,4090800.4002471296
2025-12-02,3387385.605545618,2328729.006651552,7124040.423117235,2997525.887248112,4267893.392979702,2118468.804355944,4162675.3836211804
2025-12-03,3385638.3468817156,2326879.6961866175,7124992.117348407,3007905.6238762955,4278323.124591911,2124477.1971922014,4192833.539428772
2025-12-04,3375001.72066344,2316303.1412361856,7125943.938715566,3010104.775380213,4274343.204089682,2123377.4088716437,4174582.970434744
2025-12-05,3381089.166027662,2322138.9341846234,7126895.8872356955,3015822.3538984763,4291771.657984288,2124864.3880200293,4137543.203493651
2025-12-08,3369135.8771998044,2310018.991544793,7129752.495883783,3006762.1620206228,4283537.990398017,2119674.7278623357,4156087.6741448506
2025-12-09,3374403.421472154,2315046.2320288047,7130704.953185681,3004166.958623677,4288821.208015507,2117812.941930403,4184696.401072026
2025-12-10,3374981.176678242,2315479.940261724,7131657.5377255045,3024091.249709972,4306386.784869153,2128957.172201498,4176002.927448083
2025-12-11,3376055.149100947,2316399.976674887,7132610.24952025,3031128.1037386656,4292458.111452011,2132099.700224269,4183069.761151459
2025-12-12,3367115.970262682,2307505.3498459617,7133563.088586917,2998537.421552742,4210393.584826045,2115704.4695005845,4153062.711926469
2025-12-15,3362646.4775284645,2302730.898477202,7136422.369588486,2994007.190993865,4189259.8756835503,2114634.5299126874,4100674.556550853
2025-12-16,3365783.83375838,2305668.2796697994,7137375.717912886,2985826.605869598,4197562.314417474,2112776.335408504,4121331.828414684
2025-12-17,3366661.6007922897,2306395.2718143165,7138329.193594242,2952971.7993416884,4119751.9542118153,2098574.1874474958,4097786.6227963557
2025-12-18,3379679.6001911885,2319003.549205713,7139282.796649568,2975270.5171068576,4179447.826391412,2110179.452987661,4088447.868486587
2025-12-19,3383785.1081054816,2322895.1211703946,7140236.5270958785,3002236.7777799475,4233928.413428638,2120422.226977007,4126731.2992028017
2025-12-22,3389973.223431712,2328564.9581808434,7143098.482950913,3020940.335159244,4254223.869375057,2128008.450953886,4133323.1898085456
2025-12-23,3396690.7734177103,2335023.4562536404,7144052.723131367,3034747.4957155446,4274147.793389647,2133844.068560535,4118631.6654981673
2025-12-24,3404227.261099794,2342291.039390388,7145007.090787919,3045422.5885141245,4286651.981510606,2140229.192927788,4121814.969654931
2025-12-26,3404726.1746622757,2342507.128799286,7146916.2085974375,3045113.7703487235,4286377.316256263,2140270.1968641905,4119893.5273305075
